id,date,category,name,change,percentage,Users,Average Users,In-Game,Flags,real_users
348,2008-11-01,Video Card Description,ATI Radeon 9200,-0.002,0.0149,1248486.0,,,,18602
349,2008-11-01,Video Card Description,ATI Radeon 9550,-0.0004,0.0082,1248486.0,,,,10237
350,2008-11-01,Video Card Description,ATI Radeon 9600,-0.0009,0.0173,1248486.0,,,,21598
351,2008-11-01,Video Card Description,ATI Radeon 9800,-0.0004,0.0055,1248486.0,,,,6866
352,2008-11-01,Video Card Description,ATI Radeon HD 2400,-0.0003,0.0065,1248486.0,,,,8115
353,2008-11-01,Video Card Description,ATI Radeon HD 2600,-0.0003,0.0121,1248486.0,,,,15106
354,2008-11-01,Video Card Description,ATI Radeon HD 3850,0.0007,0.0078,1248486.0,,,,9738
355,2008-11-01,Video Card Description,ATI Radeon HD 3870,0.0002,0.0113,1248486.0,,,,14107
356,2008-11-01,Video Card Description,ATI Radeon HD 4800 Series,0.0051,0.03,1248486.0,,,,37454
357,2008-11-01,Video Card Description,ATI Radeon X1300,0.0004,0.0098,1248486.0,,,,12235
358,2008-11-01,Video Card Description,ATI Radeon X1600,-0.0004,0.0122,1248486.0,,,,15231
359,2008-11-01,Video Card Description,ATI Radeon X1650,-0.0007,0.0077,1248486.0,,,,9613
360,2008-11-01,Video Card Description,ATI Radeon X1950,-0.0008,0.014,1248486.0,,,,17478
361,2008-11-01,Video Card Description,ATI Radeon X300,-0.0007,0.0072,1248486.0,,,,8989
362,2008-11-01,Video Card Description,ATI Radeon X600,-0.0002,0.006,1248486.0,,,,7490
363,2008-11-01,Video Card Description,ATI Radeon X700,-0.0005,0.0054,1248486.0,,,,6741
364,2008-11-01,Video Card Description,ATI Radeon X800,-0.0007,0.0099,1248486.0,,,,12360
365,2008-11-01,Video Card Description,ATI Radeon Xpress 200,-0.0007,0.0135,1248486.0,,,,16854
366,2008-11-01,Video Card Description,Intel 82945G Express,-0.0002,0.0087,1248486.0,,,,10861
367,2008-11-01,Video Card Description,Mobile Intel 945GM Express,0.0003,0.0089,1248486.0,,,,11111
368,2008-11-01,Video Card Description,Mobile Intel 965 Express,0.0011,0.0144,1248486.0,,,,17978
369,2008-11-01,Video Card Description,NVIDIA GeForce 6100,-0.0002,0.0132,1248486.0,,,,16480
370,2008-11-01,Video Card Description,NVIDIA GeForce 6200,-0.0011,0.018,1248486.0,,,,22472
371,2008-11-01,Video Card Description,NVIDIA GeForce 6600,-0.0033,0.0255,1248486.0,,,,31836
372,2008-11-01,Video Card Description,NVIDIA GeForce 6800,-0.001,0.0115,1248486.0,,,,14357
373,2008-11-01,Video Card Description,NVIDIA GeForce 7300,-0.0011,0.0304,1248486.0,,,,37953
374,2008-11-01,Video Card Description,NVIDIA GeForce 7600,-0.0009,0.0403,1248486.0,,,,50313
375,2008-11-01,Video Card Description,NVIDIA GeForce 7800,-0.0001,0.0112,1248486.0,,,,13983
376,2008-11-01,Video Card Description,NVIDIA GeForce 7900,-0.0008,0.0147,1248486.0,,,,18352
377,2008-11-01,Video Card Description,NVIDIA GeForce 7950,-0.0006,0.0076,1248486.0,,,,9488
378,2008-11-01,Video Card Description,NVIDIA GeForce 8400,0.0003,0.0145,1248486.0,,,,18103
379,2008-11-01,Video Card Description,NVIDIA GeForce 8400M,0.0002,0.0109,1248486.0,,,,13608
380,2008-11-01,Video Card Description,NVIDIA GeForce 8500,-0.0005,0.0273,1248486.0,,,,34083
381,2008-11-01,Video Card Description,NVIDIA GeForce 8600,-0.0013,0.0768,1248486.0,,,,95883
382,2008-11-01,Video Card Description,NVIDIA GeForce 8600M,0.0006,0.0212,1248486.0,,,,26467
383,2008-11-01,Video Card Description,NVIDIA GeForce 8800,-0.0017,0.1243,1248486.0,,,,155186
384,2008-11-01,Video Card Description,NVIDIA GeForce 9500,0.0056,0.0056,1248486.0,,,,6991
385,2008-11-01,Video Card Description,NVIDIA GeForce 9600,0.0031,0.0256,1248486.0,,,,31961
386,2008-11-01,Video Card Description,NVIDIA GeForce 9800,0.0051,0.0246,1248486.0,,,,30712
387,2008-11-01,Video Card Description,NVIDIA GeForce FX 5200,-0.0021,0.0228,1248486.0,,,,28465
388,2008-11-01,Video Card Description,NVIDIA GeForce FX 5500,-0.0013,0.0092,1248486.0,,,,11486
389,2008-11-01,Video Card Description,NVIDIA GeForce GTX 260,0.0016,0.0068,1248486.0,,,,8489
390,2008-11-01,Video Card Description,NVIDIA GeForce GTX 280,0.0056,0.0056,1248486.0,,,,6991
391,2008-11-01,Video Card Description,NVIDIA GeForce Go 7600,0.0001,0.0052,1248486.0,,,,6492
392,2008-11-01,Video Card Description,NVIDIA GeForce4 MX,-0.0016,0.012,1248486.0,,,,14981
393,2008-11-01,Video Card Description,Other,-0.0035,0.2039,1248486.0,,,,254566
765,2009-01-01,Video Card Description,ATI Mobility Radeon HD 3470,0.0004,0.0056,1499948.0,,,,8399
771,2009-01-01,Video Card Description,ATI Radeon HD 3600,0.001,0.0063,1499948.0,,,,9449
804,2009-01-01,Video Card Description,NVIDIA GeForce 9600M,0.0012,0.007,1499948.0,,,,10499
1225,2009-02-01,Video Card Description,NVIDIA GeForce 9400,0.0062,0.0062,1700827.0,,,,10545
2101,2009-04-01,Video Card Description,Mobile Intel 4 Series Express,0.0058,0.0058,1780472.0,,,,10326
2546,2009-05-01,Video Card Description,ATI Radeon HD 4670,0.0054,0.0054,1614865.0,,,,8720
2583,2009-05-01,Video Card Description,NVIDIA GeForce GTX 285,0.0052,0.0052,1614865.0,,,,8397
2976,2009-06-01,Video Card Description,ATI Radeon HD 3450,0.0055,0.0055,1807903.0,,,,9943
3452,2009-07-01,Video Card Description,ATI Radeon HD 3200,0.0003,0.0057,1681125.0,,,,9582
3963,2009-08-01,Video Card Description,ATI Mobility Radeon HD 3650,0.005,0.005,1552536.0,,,,7762
4005,2009-08-01,Video Card Description,NVIDIA GeForce GTS 150,0.0066,0.0066,1552536.0,,,,10246
4007,2009-08-01,Video Card Description,NVIDIA GeForce GTX 275,0.0054,0.0054,1552536.0,,,,8383
4492,2009-09-01,Video Card Description,ATI Radeon HD 4650,0.0051,0.0051,1752367.0,,,,8937
4529,2009-09-01,Video Card Description,NVIDIA GeForce GTX 295,0.0055,0.0055,1752367.0,,,,9638
5531,2009-11-01,Video Card Description,ATI Mobility Radeon HD 4570,0.0055,0.0055,1762925.0,,,,9696
6050,2009-12-01,Video Card Description,ATI Radeon HD 5800 Series,0.0055,0.0055,2110836.0,,,,11609
6566,2010-01-01,Video Card Description,ATI Mobility Radeon HD 4650,0.0007,0.0062,2404993.0,,,,14910
6571,2010-01-01,Video Card Description,ATI Radeon HD 3600 Series,0.0,0.0063,2404993.0,,,,15151
6574,2010-01-01,Video Card Description,ATI Radeon HD 4350,0.0002,0.0052,2404993.0,,,,12505
6578,2010-01-01,Video Card Description,ATI Radeon HD 5700 Series,0.004,0.0093,2404993.0,,,,22366
6584,2010-01-01,Video Card Description,Intel G33/G31 Express,0.0052,0.0052,2404993.0,,,,12505
7159,2010-02-01,Video Card Description,NVIDIA GeForce GT 220,0.006,0.006,2455626.0,,,,14733
8268,2010-05-01,Video Card Description,ATI Mobility Radeon HD 2600,0.0072,0.0072,2233089.0,,,,16078
8272,2010-05-01,Video Card Description,ATI Mobility Radeon X1600,0.0062,0.0062,2233089.0,,,,13845
8302,2010-05-01,Video Card Description,NVIDIA GeForce 9400M,0.0301,0.0301,2233089.0,,,,67215
8513,2010-06-01,Video Card Description,NVIDIA GeForce GT 330M,0.0051,0.0051,2367834.0,,,,12075
8709,2010-07-01,Video Card Description,NVIDIA GeForce GT 240,0.0052,0.0052,2337414.0,,,,12154
9105,2010-11-01,Video Card Description,NVIDIA GeForce GTX 460,0.0034,0.0126,2839814.0,,,,35781
9106,2010-11-01,Video Card Description,NVIDIA GeForce GTX 470,0.0013,0.0075,2839814.0,,,,21298
9107,2010-11-01,Video Card Description,NVIDIA GeForce GTX 480,0.0003,0.0057,2839814.0,,,,16186
9267,2011-01-01,Video Card Description,ATI Radeon HD 3650,-0.0002,0.0052,3229133.0,,,,16791
9273,2011-01-01,Video Card Description,ATI Radeon HD 4850,-0.0004,0.0301,3229133.0,,,,97196
9274,2011-01-01,Video Card Description,ATI Radeon HD 4870,-0.0003,0.0292,3229133.0,,,,94290
9275,2011-01-01,Video Card Description,ATI Radeon HD 4890,-0.0002,0.0136,3229133.0,,,,43916
9276,2011-01-01,Video Card Description,ATI Radeon HD 5670,0.0053,0.0053,3229133.0,,,,17114
9277,2011-01-01,Video Card Description,ATI Radeon HD 5750,0.0004,0.0086,3229133.0,,,,27770
9278,2011-01-01,Video Card Description,ATI Radeon HD 5770,0.0013,0.036,3229133.0,,,,116248
9279,2011-01-01,Video Card Description,ATI Radeon HD 5850,-0.0006,0.0201,3229133.0,,,,64905
9280,2011-01-01,Video Card Description,ATI Radeon HD 5870,0.0001,0.0187,3229133.0,,,,60384
9491,2011-04-01,Video Card Description,NVIDIA GeForce GTS 450,0.0006,0.0057,2954093.0,,,,16838
9493,2011-04-01,Video Card Description,NVIDIA GeForce GTX 260M,0.0002,0.0053,2954093.0,,,,15656
9501,2011-04-01,Video Card Description,NVIDIA GeForce GTX 570,0.005,0.005,2954093.0,,,,14770
9502,2011-04-01,Video Card Description,NVIDIA GeForce GTX 580,0.0056,0.0056,2954093.0,,,,16542
9674,2011-06-01,Video Card Description,ATI Radeon HD 6850,0.0056,0.0056,3031160.0,,,,16974
9675,2011-06-01,Video Card Description,ATI Radeon HD 6870,0.0058,0.0058,3031160.0,,,,17580
9676,2011-06-01,Video Card Description,ATI Radeon HD 6950,0.007,0.007,3031160.0,,,,21218
9706,2011-06-01,Video Card Description,NVIDIA GeForce GTX 560,0.0033,0.0089,3031160.0,,,,26977
10742,2012-02-01,Video Card Description,ATI Mobility Radeon HD 4850,0.0005,0.0057,4415776.0,,,,25169
10743,2012-02-01,Video Card Description,ATI Mobility Radeon HD 5650,0.0002,0.0052,4415776.0,,,,22962
10759,2012-02-01,Video Card Description,ATI Radeon HD 6970,0.0008,0.0062,4415776.0,,,,27377
10785,2012-02-01,Video Card Description,NVIDIA GeForce GTX 550,0.0009,0.0101,4415776.0,,,,44599
11209,2012-03-01,Video Card Description,ATI Mobility Radeon HD 4200,0.0113,0.0113,4389449.0,,,,49600
11212,2012-03-01,Video Card Description,ATI Mobility Radeon HD 5470,0.0099,0.0099,4389449.0,,,,43455
11220,2012-03-01,Video Card Description,ATI Radeon HD 5450,0.0081,0.0081,4389449.0,,,,35554
11221,2012-03-01,Video Card Description,ATI Radeon HD 5570,0.0063,0.0063,4389449.0,,,,27653
11227,2012-03-01,Video Card Description,ATI Radeon HD 6750M,0.0055,0.0055,4389449.0,,,,24141
11228,2012-03-01,Video Card Description,ATI Radeon HD 6770,0.006,0.006,4389449.0,,,,26336
11233,2012-03-01,Video Card Description,Intel HD Graphics,0.0197,0.0197,4389449.0,,,,86472
11234,2012-03-01,Video Card Description,Intel HD Graphics 2000,0.0067,0.0067,4389449.0,,,,29409
11235,2012-03-01,Video Card Description,Intel HD Graphics 3000,0.0262,0.0262,4389449.0,,,,115003
11237,2012-03-01,Video Card Description,NVIDIA GeForce 210,0.0056,0.0056,4389449.0,,,,24580
11252,2012-03-01,Video Card Description,NVIDIA GeForce GT 430,0.0086,0.0086,4389449.0,,,,37749
11253,2012-03-01,Video Card Description,NVIDIA GeForce GT 440,0.006,0.006,4389449.0,,,,26336
11254,2012-03-01,Video Card Description,NVIDIA GeForce GT 520,0.0052,0.0052,4389449.0,,,,22825
11255,2012-03-01,Video Card Description,NVIDIA GeForce GT 540M,0.0136,0.0136,4389449.0,,,,59696
11263,2012-03-01,Video Card Description,NVIDIA GeForce GTX 560M,0.0053,0.0053,4389449.0,,,,23264
12362,2012-05-01,Video Card Description,Intel G41 Express,0.0002,0.0053,4944680.0,,,,26206
12387,2012-05-01,Video Card Description,NVIDIA GeForce GT 555M,0.0053,0.0053,4944680.0,,,,26206
12388,2012-05-01,Video Card Description,NVIDIA GeForce GTS 250,-0.0009,0.019,4944680.0,,,,93948
12709,2012-07-01,Video Card Description,ATI Radeon HD 6520G,0.0,0.005,4666192.0,,,,23330
12710,2012-07-01,Video Card Description,ATI Radeon HD 6670,0.0,0.0053,4666192.0,,,,24730
12747,2012-07-01,Video Card Description,NVIDIA GeForce GTX 550 Ti,0.0,0.0207,4666192.0,,,,96590
12749,2012-07-01,Video Card Description,NVIDIA GeForce GTX 560 Ti,0.0,0.0298,4666192.0,,,,139052
13073,2012-08-01,Video Card Description,Intel HD Graphics 4000,0.0063,0.0063,4288602.0,,,,27018
13106,2012-08-01,Video Card Description,NVIDIA GeForce GTX 670,0.0064,0.0064,4288602.0,,,,27447
13107,2012-08-01,Video Card Description,NVIDIA GeForce GTX 680,0.0051,0.0051,4288602.0,,,,21871
13422,2012-10-01,Video Card Description,ATI Radeon HD 7850,0.0052,0.0052,5380220.0,,,,27977
13445,2012-10-01,Video Card Description,NVIDIA GeForce GT 630M,0.001,0.007,5380220.0,,,,37661
13818,2012-12-01,Video Card Description,ATI Radeon HD 7770,0.0054,0.0054,5575120.0,,,,30105
13849,2012-12-01,Video Card Description,NVIDIA GeForce GTX 660 Ti,0.006,0.006,5575120.0,,,,33450
14222,2013-02-01,Video Card Description,ATI Radeon HD 7870,0.0005,0.0055,5663746.0,,,,31150
14223,2013-02-01,Video Card Description,ATI Radeon HD 7970,0.0052,0.0052,5663746.0,,,,29451
14243,2013-02-01,Video Card Description,NVIDIA GeForce GT 630,0.0055,0.0055,5663746.0,,,,31150
14245,2013-02-01,Video Card Description,NVIDIA GeForce GT 650M,0.0001,0.0059,5663746.0,,,,33416
14255,2013-02-01,Video Card Description,NVIDIA GeForce GTX 650,0.0054,0.0054,5663746.0,,,,30584
14256,2013-02-01,Video Card Description,NVIDIA GeForce GTX 660,0.0018,0.0089,5663746.0,,,,50407
14696,2013-03-01,Video Card Description,ATI Radeon HD 7950,0.0053,0.0053,4740226.0,,,,25123
15142,2013-06-01,Video Card Description,NVIDIA GeForce GT 640,0.0051,0.0051,5106027.0,,,,26040
15154,2013-06-01,Video Card Description,NVIDIA GeForce GTX 650 Ti,0.0004,0.0059,5106027.0,,,,30125
15537,2013-07-01,Video Card Description,ATI Radeon HD 6310,0.0,0.0051,5153054.0,,,,26280
15553,2013-07-01,Video Card Description,Intel Ironlake (Mobile),0.0,0.016,5153054.0,,,,82448
15586,2013-07-01,Video Card Description,NVIDIA GeForce GTX 660M,0.0,0.0051,5153054.0,,,,26280
15961,2013-09-01,Video Card Description,ATI Radeon HD 6570,0.005,0.005,6223762.0,,,,31118
15967,2013-09-01,Video Card Description,ATI Radeon HD 7750,-0.0001,0.0056,6223762.0,,,,34853
15974,2013-09-01,Video Card Description,Intel HD Graphics 2500,0.0053,0.0053,6223762.0,,,,32985
15993,2013-09-01,Video Card Description,NVIDIA GeForce GT 620M,0.0051,0.0051,6223762.0,,,,31741
16846,2013-12-01,Video Card Description,NVIDIA GeForce GTX 760,0.0017,0.0102,7190202.0,,,,73340
16847,2013-12-01,Video Card Description,NVIDIA GeForce GTX 770,0.0019,0.0091,7190202.0,,,,65430
17146,2014-01-01,Video Card Description,NVIDIA GeForce GT 740M,0.0053,0.0053,7622130.0,,,,40397
17165,2014-01-01,Video Card Description,NVIDIA GeForce GTX 780,0.0055,0.0055,7622130.0,,,,41921
17704,2014-04-01,Video Card Description,ATI Radeon HD 8800 Series,0.0056,0.0056,6301292.0,,,,35287
17709,2014-04-01,Video Card Description,Intel HD Graphics 4400,0.0058,0.0058,6301292.0,,,,36547
17710,2014-04-01,Video Card Description,Intel HD Graphics 4600,0.0003,0.0054,6301292.0,,,,34026
17723,2014-04-01,Video Card Description,NVIDIA GeForce GT 610,0.0052,0.0052,6301292.0,,,,32766
17730,2014-04-01,Video Card Description,NVIDIA GeForce GT 750M,0.0004,0.0056,6301292.0,,,,35287
18005,2014-05-01,Video Card Description,AMD Radeon HD 5450,0.0,0.0071,6279487.0,,,,44584
18006,2014-05-01,Video Card Description,AMD Radeon HD 5770,-0.0001,0.0098,6279487.0,,,,61538
18007,2014-05-01,Video Card Description,AMD Radeon HD 6670,-0.0003,0.0084,6279487.0,,,,52747
18008,2014-05-01,Video Card Description,AMD Radeon HD 6850,-0.0003,0.0077,6279487.0,,,,48352
18009,2014-05-01,Video Card Description,AMD Radeon HD 6870,-0.0001,0.0081,6279487.0,,,,50863
18010,2014-05-01,Video Card Description,AMD Radeon HD 6950,0.0002,0.0063,6279487.0,,,,39560
18011,2014-05-01,Video Card Description,AMD Radeon HD 7750,0.0002,0.0066,6279487.0,,,,41444
18012,2014-05-01,Video Card Description,AMD Radeon HD 7770,0.0,0.0113,6279487.0,,,,70958
18013,2014-05-01,Video Card Description,AMD Radeon HD 7850,0.0002,0.0123,6279487.0,,,,77237
18014,2014-05-01,Video Card Description,AMD Radeon HD 7870,0.0003,0.0088,6279487.0,,,,55259
18015,2014-05-01,Video Card Description,AMD Radeon HD 7950,0.0007,0.0074,6279487.0,,,,46468
18016,2014-05-01,Video Card Description,AMD Radeon HD 7970,0.0007,0.01,6279487.0,,,,62794
18017,2014-05-01,Video Card Description,AMD Radeon HD 8800 Series,0.0012,0.0068,6279487.0,,,,42700
18334,2014-06-01,Video Card Description,AMD Radeon HD 6570,0.0051,0.0051,7024756.0,,,,35826
19055,2014-08-01,Video Card Description,NVIDIA GeForce GTX 750 Ti,0.0054,0.0054,6344505.0,,,,34260
19338,2014-09-01,Video Card Description,AMD Radeon HD 4350,-0.0001,0.0027,7048045.0,,,,19029
19339,2014-09-01,Video Card Description,AMD Radeon HD 4650,0.0,0.003,7048045.0,,,,21144
19340,2014-09-01,Video Card Description,AMD Radeon HD 4670,-0.0002,0.0025,7048045.0,,,,17620
19341,2014-09-01,Video Card Description,AMD Radeon HD 4850,-0.0002,0.003,7048045.0,,,,21144
19342,2014-09-01,Video Card Description,AMD Radeon HD 4870,-0.0002,0.0019,7048045.0,,,,13391
19344,2014-09-01,Video Card Description,AMD Radeon HD 5500 Series,0.0001,0.0019,7048045.0,,,,13391
19345,2014-09-01,Video Card Description,AMD Radeon HD 5570,0.0,0.0027,7048045.0,,,,19029
19346,2014-09-01,Video Card Description,AMD Radeon HD 5670,0.0002,0.0042,7048045.0,,,,29601
19347,2014-09-01,Video Card Description,AMD Radeon HD 5750,-0.0001,0.0027,7048045.0,,,,19029
19349,2014-09-01,Video Card Description,AMD Radeon HD 5850,-0.0002,0.0026,7048045.0,,,,18324
19350,2014-09-01,Video Card Description,AMD Radeon HD 5870,-0.0001,0.0022,7048045.0,,,,15505
19351,2014-09-01,Video Card Description,AMD Radeon HD 6310,-0.0004,0.004,7048045.0,,,,28192
19352,2014-09-01,Video Card Description,AMD Radeon HD 6320,-0.0001,0.0021,7048045.0,,,,14800
19353,2014-09-01,Video Card Description,AMD Radeon HD 6410D,0.0001,0.0018,7048045.0,,,,12686
19354,2014-09-01,Video Card Description,AMD Radeon HD 6450,-0.0003,0.0039,7048045.0,,,,27487
19355,2014-09-01,Video Card Description,AMD Radeon HD 6480G,0.0001,0.002,7048045.0,,,,14096
19356,2014-09-01,Video Card Description,AMD Radeon HD 6490M,-0.0001,0.0032,7048045.0,,,,22553
19357,2014-09-01,Video Card Description,AMD Radeon HD 6520G,-0.0001,0.0037,7048045.0,,,,26077
19358,2014-09-01,Video Card Description,AMD Radeon HD 6530D,-0.0001,0.0024,7048045.0,,,,16915
19360,2014-09-01,Video Card Description,AMD Radeon HD 6620G,0.0,0.0018,7048045.0,,,,12686
19362,2014-09-01,Video Card Description,AMD Radeon HD 6750M,-0.0001,0.0029,7048045.0,,,,20439
19363,2014-09-01,Video Card Description,AMD Radeon HD 6770,-0.0001,0.0034,7048045.0,,,,23963
19364,2014-09-01,Video Card Description,AMD Radeon HD 6770M,0.0,0.0019,7048045.0,,,,13391
19368,2014-09-01,Video Card Description,AMD Radeon HD 6970,-0.0001,0.0018,7048045.0,,,,12686
19369,2014-09-01,Video Card Description,AMD Radeon HD 7310,-0.0001,0.0023,7048045.0,,,,16210
19370,2014-09-01,Video Card Description,AMD Radeon HD 7480D,0.0004,0.0024,7048045.0,,,,16915
19371,2014-09-01,Video Card Description,AMD Radeon HD 7520G + 7670M,-0.0001,0.0025,7048045.0,,,,17620
19372,2014-09-01,Video Card Description,AMD Radeon HD 7540D,0.0003,0.0022,7048045.0,,,,15505
19373,2014-09-01,Video Card Description,AMD Radeon HD 7550M,0.0001,0.0016,7048045.0,,,,11276
19374,2014-09-01,Video Card Description,AMD Radeon HD 7560D,0.0001,0.0022,7048045.0,,,,15505
19375,2014-09-01,Video Card Description,AMD Radeon HD 7640G + 7670M,0.0,0.0041,7048045.0,,,,28896
19376,2014-09-01,Video Card Description,AMD Radeon HD 7660G + 7670M,-0.0001,0.0028,7048045.0,,,,19734
19377,2014-09-01,Video Card Description,AMD Radeon HD 7670M,0.0001,0.0017,7048045.0,,,,11981
19378,2014-09-01,Video Card Description,AMD Radeon HD 7700 Series,-0.0001,0.0015,7048045.0,,,,10572
19385,2014-09-01,Video Card Description,AMD Radeon HD 8330,0.0002,0.0018,7048045.0,,,,12686
19386,2014-09-01,Video Card Description,AMD Radeon HD 8400,0.0002,0.0019,7048045.0,,,,13391
19387,2014-09-01,Video Card Description,AMD Radeon HD 8600,0.0017,0.0017,7048045.0,,,,11981
19388,2014-09-01,Video Card Description,AMD Radeon HD 8650G,0.0001,0.0023,7048045.0,,,,16210
19390,2014-09-01,Video Card Description,AMD Radeon R7 200 Series,0.0006,0.0041,7048045.0,,,,28896
19391,2014-09-01,Video Card Description,AMD Radeon R9 200 Series,0.0005,0.0049,7048045.0,,,,34535
19392,2014-09-01,Video Card Description,ATI 760G,0.0001,0.0021,7048045.0,,,,14800
19396,2014-09-01,Video Card Description,ATI Mobility Radeon HD 5430,-0.0001,0.0015,7048045.0,,,,10572
19407,2014-09-01,Video Card Description,Intel HD Graphics 5000,0.0004,0.0036,7048045.0,,,,25372
19408,2014-09-01,Video Card Description,Intel Iris Graphics 5100,0.0003,0.0029,7048045.0,,,,20439
19409,2014-09-01,Video Card Description,Intel Iris Pro Graphics 5200,0.0003,0.0022,7048045.0,,,,15505
19411,2014-09-01,Video Card Description,Intel ValleyView2 HD Graphics,0.0008,0.0038,7048045.0,,,,26782
19415,2014-09-01,Video Card Description,NVIDIA GeForce 310M,0.0,0.0024,7048045.0,,,,16915
19416,2014-09-01,Video Card Description,NVIDIA GeForce 320M,-0.0002,0.0015,7048045.0,,,,10572
19418,2014-09-01,Video Card Description,NVIDIA GeForce 610M,0.0001,0.0047,7048045.0,,,,33125
19420,2014-09-01,Video Card Description,NVIDIA GeForce 840M,0.0023,0.0023,7048045.0,,,,16210
19434,2014-09-01,Video Card Description,NVIDIA GeForce GT 520M,-0.0001,0.0026,7048045.0,,,,18324
19435,2014-09-01,Video Card Description,NVIDIA GeForce GT 525M,0.0,0.003,7048045.0,,,,21144
19439,2014-09-01,Video Card Description,NVIDIA GeForce GT 620,0.0,0.0033,7048045.0,,,,23258
19443,2014-09-01,Video Card Description,NVIDIA GeForce GT 635M,0.0001,0.0038,7048045.0,,,,26782
19445,2014-09-01,Video Card Description,NVIDIA GeForce GT 640M,0.0001,0.003,7048045.0,,,,21144
19449,2014-09-01,Video Card Description,NVIDIA GeForce GT 755M,0.0001,0.002,7048045.0,,,,14096
19463,2014-09-01,Video Card Description,NVIDIA GeForce GTX 650 Ti Boost,0.0,0.0028,7048045.0,,,,19734
19469,2014-09-01,Video Card Description,NVIDIA GeForce GTX 750,0.0007,0.003,7048045.0,,,,21144
19472,2014-09-01,Video Card Description,NVIDIA GeForce GTX 765M,-0.0001,0.0037,7048045.0,,,,26077
19474,2014-09-01,Video Card Description,NVIDIA GeForce GTX 770M,0.0,0.0022,7048045.0,,,,15505
19476,2014-09-01,Video Card Description,NVIDIA GeForce GTX 780 Ti,0.0002,0.0041,7048045.0,,,,28896
19477,2014-09-01,Video Card Description,NVIDIA GeForce GTX 850M,0.0017,0.0017,7048045.0,,,,11981
19478,2014-09-01,Video Card Description,NVIDIA GeForce GTX 860M,0.0007,0.0029,7048045.0,,,,20439
19769,2014-10-01,Video Card Description,AMD Radeon HD 6370M,0.0015,0.0015,6444097.0,,,,9666
19895,2014-10-01,Video Card Description,NVIDIA GeForce GTX 970,0.0021,0.0021,6444097.0,,,,13532
20314,2014-11-01,Video Card Description,NVIDIA GeForce GTX 980,0.0018,0.0018,7590741.0,,,,13663
20652,2014-12-01,Video Card Description,AMD Radeon HD 8470D,0.0,0.0015,7949666.0,,,,11924
20656,2014-12-01,Video Card Description,AMD Radeon R4 Graphics,0.0,0.002,7949666.0,,,,15899
20711,2014-12-01,Video Card Description,NVIDIA GeForce GT 730,0.0,0.0016,7949666.0,,,,12719
21175,2015-01-01,Video Card Description,NVIDIA GeForce GTX 870M,0.0016,0.0016,8466750.0,,,,13546
22361,2015-05-01,Video Card Description,AMD Radeon 6600M and 6700M Series,0.0,0.0022,8385937.0,,,,18449
22377,2015-05-01,Video Card Description,AMD Radeon HD 6700 Series,-0.0001,0.0045,8385937.0,,,,37736
22378,2015-05-01,Video Card Description,AMD Radeon HD 6800 Series,-0.0007,0.0088,8385937.0,,,,73796
22381,2015-05-01,Video Card Description,AMD Radeon HD 7400M Series,0.0,0.0025,8385937.0,,,,20964
22383,2015-05-01,Video Card Description,AMD Radeon HD 7520G,0.0,0.002,8385937.0,,,,16771
22386,2015-05-01,Video Card Description,AMD Radeon HD 7640G,0.0001,0.0034,8385937.0,,,,28512
22387,2015-05-01,Video Card Description,AMD Radeon HD 7660G,0.0,0.0024,8385937.0,,,,20126
22389,2015-05-01,Video Card Description,AMD Radeon HD 7800 Series,-0.0009,0.0152,8385937.0,,,,127466
22390,2015-05-01,Video Card Description,AMD Radeon HD 7900 Series,-0.0004,0.0189,8385937.0,,,,158494
22394,2015-05-01,Video Card Description,AMD Radeon HD 8500 Series,0.0004,0.0044,8385937.0,,,,36898
22395,2015-05-01,Video Card Description,AMD Radeon HD 8570D,0.0003,0.0019,8385937.0,,,,15933
22396,2015-05-01,Video Card Description,AMD Radeon HD 8600 Series,0.0001,0.0031,8385937.0,,,,25996
22401,2015-05-01,Video Card Description,AMD Radeon R7 Graphics,0.0016,0.0016,8385937.0,,,,13417
22406,2015-05-01,Video Card Description,ATI Mobility Radeon HD 5000 Series,-0.0001,0.0094,8385937.0,,,,78827
22408,2015-05-01,Video Card Description,ATI Radeon HD 5500 Series,0.0,0.0024,8385937.0,,,,20126
22457,2015-05-01,Video Card Description,NVIDIA GeForce GT 740,0.0,0.0022,8385937.0,,,,18449
22478,2015-05-01,Video Card Description,NVIDIA GeForce GTX 745,0.0001,0.0018,8385937.0,,,,15094
22490,2015-05-01,Video Card Description,NVIDIA GeForce GTX 960,0.0018,0.0062,8385937.0,,,,51992
22492,2015-05-01,Video Card Description,NVIDIA GeForce GTX 970M,0.0017,0.0017,8385937.0,,,,14256
22850,2015-06-01,Video Card Description,Desktop Haswell GT1,0.0016,0.0016,8728906.0,,,,13966
23897,2015-09-01,Video Card Description,AMD Radeon HD 7600M Series,0.0022,0.0022,9159135.0,,,,20150
23904,2015-09-01,Video Card Description,AMD Radeon HD 8370D,0.0015,0.0015,9159135.0,,,,13738
23910,2015-09-01,Video Card Description,AMD Radeon HD 8610G,0.0015,0.0015,9159135.0,,,,13738
23935,2015-09-01,Video Card Description,Intel HD Graphics 5500,0.004,0.004,9159135.0,,,,36636
23937,2015-09-01,Video Card Description,Intel Iris Graphics 6100,0.0018,0.0018,9159135.0,,,,16486
24004,2015-09-01,Video Card Description,NVIDIA GeForce GTX 950M,0.0018,0.0018,9159135.0,,,,16486
24009,2015-09-01,Video Card Description,NVIDIA GeForce GTX 980M,0.0017,0.0017,9159135.0,,,,15570
24685,2015-11-01,Video Card Description,AMD Radeon R7 M260,0.0015,0.0015,13474259.0,,,,20211
24719,2015-11-01,Video Card Description,NVIDIA GeForce 940M,0.0019,0.0019,13474259.0,,,,25601
24779,2015-11-01,Video Card Description,NVIDIA N16V-GM,0.0016,0.0016,13474259.0,,,,21558
25472,2016-01-01,Video Card Description,AMD Radeon HD 8600M Series,0.0018,0.0018,11708654.0,,,,21075
25475,2016-01-01,Video Card Description,AMD Radeon HD 8800M Series,0.0015,0.0015,11708654.0,,,,17562
25500,2016-01-01,Video Card Description,Intel HD Graphics 6000,0.0019,0.0019,11708654.0,,,,22246
25567,2016-01-01,Video Card Description,NVIDIA GeForce GTX 950,0.003,0.003,11708654.0,,,,35125
25573,2016-01-01,Video Card Description,NVIDIA GeForce GTX 980 Ti,0.0063,0.0063,11708654.0,,,,73764
25941,2016-02-01,Video Card Description,AMD Radeon R6 Graphics,0.0017,0.0017,11185491.0,,,,19015
25985,2016-02-01,Video Card Description,NVIDIA GeForce GT 420,0.0016,0.0016,11185491.0,,,,17896
26309,2016-03-01,Video Card Description,Intel HD Graphics - Braswell,0.0016,0.0016,10988849.0,,,,17582
26317,2016-03-01,Video Card Description,Intel HD Graphics 520,0.0016,0.0016,10988849.0,,,,17582
26331,2016-03-01,Video Card Description,NVIDIA GeForce 920A,0.0004,0.0037,10988849.0,,,,40658
26354,2016-03-01,Video Card Description,NVIDIA GeForce GT 720,0.0015,0.0015,10988849.0,,,,16483
26980,2016-05-01,Video Card Description,AMD Radeon HD 6900 Series,-0.0001,0.0029,12390717.0,,,,35933
27047,2016-05-01,Video Card Description,NVIDIA GeForce 9600 GT,-0.0001,0.0051,12390717.0,,,,63192
27360,2016-06-01,Video Card Description,AMD Radeon R5 Graphics,0.0035,0.0035,11060828.0,,,,38712
27363,2016-06-01,Video Card Description,AMD Radeon R7 300 Series,0.0018,0.0018,11060828.0,,,,19909
27365,2016-06-01,Video Card Description,AMD Radeon R7 M260 Series,-0.0002,0.0015,11060828.0,,,,16591
27367,2016-06-01,Video Card Description,AMD Radeon R9 380 Series,0.0022,0.0022,11060828.0,,,,24333
27368,2016-06-01,Video Card Description,AMD Radeon R9 390 Series,0.0021,0.0021,11060828.0,,,,23227
27380,2016-06-01,Video Card Description,Intel G41 Express Chipset,0.0017,0.0017,11060828.0,,,,18803
27389,2016-06-01,Video Card Description,Intel HD Graphics 530,0.002,0.002,11060828.0,,,,22121
27392,2016-06-01,Video Card Description,Intel Haswell,0.01,0.01,11060828.0,,,,110608
27396,2016-06-01,Video Card Description,Intel Ironlake Arrandale,0.0003,0.007,11060828.0,,,,77425
27397,2016-06-01,Video Card Description,Intel Ivy Bridge,0.0068,0.0068,11060828.0,,,,75213
27398,2016-06-01,Video Card Description,Intel Sandy Bridge,0.0037,0.0037,11060828.0,,,,40925
27400,2016-06-01,Video Card Description,Intel Valleyview Baytrail,0.0084,0.0084,11060828.0,,,,92910
27402,2016-06-01,Video Card Description,Mobile Intel 4 Series Express Chipset Family,0.0023,0.0023,11060828.0,,,,25439
27405,2016-06-01,Video Card Description,NVIDIA GeForce 8400 GS,0.0,0.0022,11060828.0,,,,24333
27407,2016-06-01,Video Card Description,NVIDIA GeForce 8600 GT,0.0001,0.0019,11060828.0,,,,21015
27409,2016-06-01,Video Card Description,NVIDIA GeForce 920M,0.0022,0.0022,11060828.0,,,,24333
27410,2016-06-01,Video Card Description,NVIDIA GeForce 9400 GT,0.0,0.0019,11060828.0,,,,21015
27412,2016-06-01,Video Card Description,NVIDIA GeForce 9500 GT,-0.0001,0.0055,11060828.0,,,,60834
27414,2016-06-01,Video Card Description,NVIDIA GeForce 9800 GT,0.0001,0.0041,11060828.0,,,,45349
27433,2016-06-01,Video Card Description,NVIDIA GeForce GT 720M,0.0091,0.0091,11060828.0,,,,100653
27467,2016-06-01,Video Card Description,NVIDIA GeForce GTX 960M,0.0051,0.0051,11060828.0,,,,56410
27727,2016-07-01,Video Card Description,AMD Radeon R5 M330,0.0017,0.0017,11578417.0,,,,19683
27744,2016-07-01,Video Card Description,Intel Cherryview Cherrytrail,0.0029,0.0029,11578417.0,,,,33577
27745,2016-07-01,Video Card Description,Intel G33/G31 Express Chipset Family,0.0019,0.0019,11578417.0,,,,21998
27769,2016-07-01,Video Card Description,NVIDIA GeForce 930M,0.0015,0.0015,11578417.0,,,,17367
27798,2016-07-01,Video Card Description,NVIDIA GeForce GTX 1070,0.0032,0.0032,11578417.0,,,,37050
27799,2016-07-01,Video Card Description,NVIDIA GeForce GTX 1080,0.0028,0.0028,11578417.0,,,,32419
27827,2016-07-01,Video Card Description,NVIDIA GeForce GTX 965M,0.0017,0.0017,11578417.0,,,,19683
28156,2016-08-01,Video Card Description,NVIDIA GeForce GTX 1060,0.0024,0.0024,11044490.0,,,,26506
28669,2016-10-01,Video Card Description,AMD Radeon RX 480,0.0007,0.0027,12119516.0,,,,32722
29365,2016-12-01,Video Card Description,AMD Radeon RX 460,0.0,0.0017,11919745.0,,,,20263
29366,2016-12-01,Video Card Description,AMD Radeon RX 470,0.0,0.0016,11919745.0,,,,19071
29426,2016-12-01,Video Card Description,NVIDIA GeForce GTX 1050 Ti,0.0,0.0024,11919745.0,,,,28607
31263,2017-08-01,Video Card Description,Intel HD Graphics 620,0.0027,0.0027,12382643.0,,,,33433
31264,2017-08-01,Video Card Description,Intel HD Graphics 630,0.002,0.002,12382643.0,,,,24765
31279,2017-08-01,Video Card Description,NVIDIA GeForce 940MX,0.0022,0.0022,12382643.0,,,,27241
31293,2017-08-01,Video Card Description,NVIDIA GeForce GT 710,0.0022,0.0022,12382643.0,,,,27241
31301,2017-08-01,Video Card Description,NVIDIA GeForce GTX 1050,0.021,0.021,12382643.0,,,,260035
31306,2017-08-01,Video Card Description,NVIDIA GeForce GTX 1080 Ti,0.0054,0.0054,12382643.0,,,,66866
32645,2018-01-01,Video Card Description,NVIDIA GeForce GTX 1070 Ti,0.0022,0.0022,16898262.0,,6414857.0,,37176
32906,2018-02-01,Video Card Description,NVIDIA GeForce GT 1030,0.0016,0.0016,15735516.0,,5534708.0,,25176
33169,2018-03-01,Video Card Description,AMD Radeon RX 580,0.0,0.0018,15897929.0,,5517196.0,,28616
33466,2018-04-01,Video Card Description,AMD Radeon RX 560,0.0018,0.0018,17200551.0,,5929288.0,,30960
33494,2018-04-01,Video Card Description,NVIDIA GeForce 920MX,0.0021,0.0021,17200551.0,,5929288.0,,36121
33859,2018-05-01,Video Card Description,NVIDIA GeForce MX150,0.0015,0.0015,16244383.0,,5143452.0,,24366
34727,2018-08-01,Video Card Description,AMD Radeon RX 550,0.0016,0.0016,14057633.0,,4217689.0,,22492
34749,2018-08-01,Video Card Description,Intel Iris Plus Graphics 640,0.0016,0.0016,14057633.0,,4217689.0,,22492
34753,2018-08-01,Video Card Description,Intel UHD Graphics 620,0.0017,0.0017,14057633.0,,4217689.0,,23897
35135,2018-09-01,Video Card Description,,0.0021,0.0021,15910942.0,,4955392.0,,33412
35725,2018-11-01,Video Card Description,Intel UHD Graphics 630,0.002,0.002,14496542.0,,4023700.0,,28993
36112,2018-12-01,Video Card Description,NVIDIA GeForce RTX 2070,0.0016,0.0016,16371766.0,,4935137.0,,26194
36113,2018-12-01,Video Card Description,NVIDIA GeForce RTX 2080,0.0021,0.0021,16371766.0,,4935137.0,,34380
36362,2019-01-01,Video Card Description,AMD Radeon RX 570,0.0022,0.0022,16067952.0,,4915125.0,,35349
36364,2019-01-01,Video Card Description,AMD Radeon RX Vega,0.0016,0.0016,16067952.0,,4915125.0,,25708
36380,2019-01-01,Video Card Description,Intel HD Graphics 610,0.0016,0.0016,16067952.0,,4915125.0,,25708
36768,2019-02-01,Video Card Description,NVIDIA GeForce RTX 2080 Ti,0.002,0.002,15424383.0,,4377674.0,,30848
37090,2019-03-01,Video Card Description,NVIDIA GeForce RTX 2060,0.0,0.0026,15138782.0,,4349957.0,,39360
37342,2019-04-01,Video Card Description,AMD Radeon Vega 8 Graphics,0.0024,0.0024,14819252.0,,4214449.0,,35566
37393,2019-04-01,Video Card Description,NVIDIA GeForce GTX 1660 Ti,0.0016,0.0016,14819252.0,,4214449.0,,23710
38038,2019-06-01,Video Card Description,NVIDIA GeForce GTX 1660,0.0023,0.0023,16110983.0,,4873636.0,,37055
38358,2019-07-01,Video Card Description,NVIDIA GeForce GTX 1650,0.0023,0.0023,15383713.0,,4594180.0,,35382
38381,2019-07-01,Video Card Description,NVIDIA GeForce MX130,0.0015,0.0015,15383713.0,,4594180.0,,23075
38709,2019-08-01,Video Card Description,Radeon RX 590 Series,0.0019,0.0019,14634838.0,,4267191.0,,27806
38965,2019-09-01,Video Card Description,AMD Radeon RX 580 2048SP,0.0015,0.0015,16095924.0,,4731993.0,,24143
38966,2019-09-01,Video Card Description,AMD Radeon RX 590 Series,0.0021,0.0021,16095924.0,,4731993.0,,33801
38968,2019-09-01,Video Card Description,AMD Radeon RX Vega 11 Graphics,0.0016,0.0016,16095924.0,,4731993.0,,25753
39043,2019-09-01,Video Card Description,NVIDIA GeForce RTX 2070 SUPER,0.0017,0.0017,16095924.0,,4731993.0,,27363
39299,2019-10-01,Video Card Description,AMD Radeon RX 5700 XT,0.0015,0.0015,14279343.0,,3817856.0,,21419
39376,2019-10-01,Video Card Description,NVIDIA GeForce RTX 2060 SUPER,0.0015,0.0015,14279343.0,,3817856.0,,21419
39716,2019-11-01,Video Card Description,NVIDIA GeForce RTX 2080 SUPER,0.0016,0.0016,15220148.0,,4468865.0,,24352
40036,2019-12-01,Video Card Description,NVIDIA GeForce MX110,0.0,0.0015,17155417.0,,5209955.0,,25733
40281,2020-01-01,Video Card Description,AMD Radeon Pro 460,0.0016,0.0016,16861928.0,,5203703.0,,26979
40296,2020-01-01,Video Card Description,AMD Radeon RX 5700,0.0015,0.0015,16861928.0,,5203703.0,,25292
40349,2020-01-01,Video Card Description,NVIDIA GeForce GTX 1660 SUPER,0.0017,0.0017,16861928.0,,5203703.0,,28665
40372,2020-01-01,Video Card Description,NVIDIA GeForce MX250,0.0018,0.0018,16861928.0,,5203703.0,,30351
40642,2020-02-01,Video Card Description,AMD Radeon Vega 3 Graphics,0.0016,0.0016,18229426.0,,5744660.0,,29167
40644,2020-02-01,Video Card Description,AMD Radeon Vega 8 Mobile Graphics,0.0016,0.0016,18229426.0,,5744660.0,,29167
40661,2020-02-01,Video Card Description,Intel Iris Plus Graphics 655,0.0017,0.0017,18229426.0,,5744660.0,,30990
41015,2020-03-01,Video Card Description,Intel UHD Graphics 617,0.0016,0.0016,19238796.0,,5975759.0,,30782
41730,2020-05-01,Video Card Description,NVIDIA GeForce GTX 1650 SUPER,0.0018,0.0018,23515387.0,,6789794.0,,42327
41762,2020-05-01,Video Card Description,NVIDIA Graphics Device,0.0016,0.0016,23515387.0,,6789794.0,,37624
42394,2020-07-01,Video Card Description,Intel UHD Graphics,0.0,0.0016,20679641.0,,5554736.0,,33087
42752,2020-08-01,Video Card Description,NVIDIA GeForce GTX 1650 Ti,0.0017,0.0017,18994373.0,,5398360.0,,32290
43035,2020-09-01,Video Card Description,AMD Radeon RX 5600 XT,0.0018,0.0018,20448526.0,,5154885.0,,36807
43060,2020-09-01,Video Card Description,Intel Iris Plus Graphics,0.0018,0.0018,20448526.0,,5154885.0,,36807
43373,2020-10-01,Video Card Description,AMD Radeon RX 5500 XT,0.0016,0.0016,21362935.0,,5006854.0,,34180
43726,2020-11-01,Video Card Description,AMD Radeon(TM) Graphics,0.002,0.002,23213197.0,,6347224.0,,46426
43797,2020-11-01,Video Card Description,NVIDIA GeForce RTX 2070 with Max-Q Design,0.0015,0.0015,23213197.0,,6347224.0,,34819
43801,2020-11-01,Video Card Description,NVIDIA GeForce RTX 3080,0.0022,0.0022,23213197.0,,6347224.0,,51069
44414,2021-01-01,Video Card Description,Intel(R) Iris(R) Plus Graphics,0.0015,0.0015,24202280.0,,6994655.0,,36303
44465,2021-01-01,Video Card Description,NVIDIA GeForce RTX 3060 Ti,0.0025,0.0025,24202280.0,,6994655.0,,60505
44467,2021-01-01,Video Card Description,NVIDIA GeForce RTX 3090,0.0022,0.0022,24202280.0,,6994655.0,,53245
44797,2021-02-01,Video Card Description,NVIDIA GeForce MX350,0.0018,0.0018,24577561.0,,6084253.0,,44239
45090,2021-03-01,Video Card Description,Intel(R) UHD Graphics,0.0002,0.0059,25490876.0,,5989204.0,,150396
45142,2021-03-01,Video Card Description,NVIDIA GeForce RTX 3070,0.0016,0.0124,25490876.0,,5989204.0,,316086
45471,2021-04-01,Video Card Description,NVIDIA GeForce RTX 3060,0.0016,0.0016,25191839.0,,6230944.0,,40306
45811,2021-05-01,Video Card Description,NVIDIA GeForce RTX 3060 Laptop GPU,0.002,0.002,24637935.0,,6673012.0,,49275
46092,2021-06-01,Video Card Description,Intel(R) Iris(R) Xe Graphics,0.0021,0.0021,24152325.0,,5924247.0,,50719
46094,2021-06-01,Video Card Description,Intel(R) UHD Graphics 630,0.0016,0.0016,24152325.0,,5924247.0,,38643
46132,2021-06-01,Video Card Description,NVIDIA GeForce MX230,0.0015,0.0015,24152325.0,,5924247.0,,36228
46147,2021-06-01,Video Card Description,NVIDIA GeForce RTX 3070 Laptop GPU,0.0019,0.0019,24152325.0,,5924247.0,,45889
46799,2021-08-01,Video Card Description,NVIDIA GeForce RTX 3050 Laptop GPU,0.0015,0.0015,23928151.0,,6654013.0,,35892
46805,2021-08-01,Video Card Description,NVIDIA GeForce RTX 3070 Ti,0.0023,0.0023,23928151.0,,6654013.0,,55034
46807,2021-08-01,Video Card Description,NVIDIA GeForce RTX 3080 Ti,0.0015,0.0015,23928151.0,,6654013.0,,35892
47044,2021-09-01,Video Card Description,AMD Radeon Graphics,0.0097,0.0097,23744601.0,,5867555.0,,230322
47061,2021-09-01,Video Card Description,AMD Radeon RX 6700 XT,0.0016,0.0016,23744601.0,,5867555.0,,37991
47122,2021-09-01,Video Card Description,NVIDIA GeForce MX330,0.0016,0.0016,23744601.0,,5867555.0,,37991
47124,2021-09-01,Video Card Description,NVIDIA GeForce MX450,0.0017,0.0017,23744601.0,,5867555.0,,40365
47133,2021-09-01,Video Card Description,NVIDIA GeForce RTX 3050,0.0019,0.0019,23744601.0,,5867555.0,,45114
47135,2021-09-01,Video Card Description,NVIDIA GeForce RTX 3050 Ti,0.0016,0.0016,23744601.0,,5867555.0,,37991
47136,2021-09-01,Video Card Description,NVIDIA GeForce RTX 3050 Ti Laptop GPU,0.0019,0.0019,23744601.0,,5867555.0,,45114
47741,2021-11-01,Video Card Description,Apple G13G,0.0017,0.0017,25354178.0,,6804217.0,,43102
47803,2021-11-01,Video Card Description,NVIDIA GeForce RTX 2060 with Max-Q Design,0.0015,0.0015,25354178.0,,6804217.0,,38031
48071,2021-12-01,Video Card Description,AMD Radeon RX 5500M,0.0016,0.0016,24982683.0,,6312332.0,,39972
49147,2022-03-01,Video Card Description,NVIDIA GeForce RTX 3080 Laptop GPU,0.0015,0.0015,26759344.0,,7782147.0,,40139
49396,2022-04-01,Video Card Description,AMD Radeon RX 6600 XT,0.003,0.003,27198588.0,,7631725.0,,81595
49398,2022-04-01,Video Card Description,AMD Radeon RX 6900 XT,0.0015,0.0015,27198588.0,,7631725.0,,40797
49723,2022-05-01,Video Card Description,AMD Radeon RX 6600,0.0017,0.0017,28124644.0,,8346051.0,,47811
50371,2022-07-01,Video Card Description,AMD Radeon RX 6800 XT,0.0018,0.0018,26873762.0,,7511356.0,,48372
50682,2022-08-01,Video Card Description,AMD AMD Custom GPU 0405,0.0017,0.0017,25762308.0,,7157470.0,,43795
50779,2022-08-01,Video Card Description,NVIDIA GeForce RTX 3070 Ti Laptop GPU,0.0018,0.0018,25762308.0,,7157470.0,,46372
51034,2022-09-01,Video Card Description,AMD Radeon RX 6500 XT,0.0017,0.0017,25628571.0,,6902424.0,,43568
52044,2022-12-01,Video Card Description,Intel(R) UHD Graphics 600,0.0016,0.0016,27879470.0,22324734.0,7599703.0,,44607
52447,2023-01-01,Video Card Description,NVIDIA GeForce RTX 4090,0.0023,0.0023,30824970.0,25893619.0,9484341.0,,70897
52782,2023-02-01,Video Card Description,NVIDIA GeForce RTX 4070 Ti,0.0017,0.0017,28863152.0,23444450.0,7770334.0,,49067
52783,2023-02-01,Video Card Description,NVIDIA GeForce RTX 4080,0.0019,0.0019,28863152.0,23444450.0,7770334.0,,54839
