,id,game,link,Primary Genre,Store Genres,Publisher,Developer,Detected Technologies,Store Asset Modification Time,review_percentage,players right now,24-hour peak,all-time peak,all-time date
0,0,Pizza Tower,/app/2231450/,Action (1),"Action (1), Indie (23)",Tour De Pizza,Tour De Pizza,"Engine.GameMaker, SDK.FMOD",10 January 2023 ‚Äì 18:39:28 UTC (3 months ago) (1673375968),98,"3,101","3,606","4,529",2023-03-25T20:35:04+00:00
1,1,Resident Evil 4,/app/2050650/,Action (1),"Action (1), Adventure (25)","CAPCOM Co., Ltd.","CAPCOM Co., Ltd.","Engine.RE_Engine, SDK.AMD_GPU_Services",29 March 2023 ‚Äì 05:31:05 UTC (17 days ago) (1680067865),97,"46,289","47,164","168,191",2023-03-25T15:05:04+00:00
2,2,The Murder of Sonic the Hedgehog,/app/2324650/,Casual (4),"Casual (4), Free to Play (37), Indie (23), Simulation (28)",SEGA,SEGA,"Engine.Unity, SDK.UnityBurst, SDK.cURL",24 March 2023 ‚Äì 17:10:52 UTC (22 days ago) (1679677852),98,618,776,"15,543",2023-03-31T21:25:04+00:00
3,3,Pineapple on pizza,/app/2263010/,Indie (23),"Casual (4), Free to Play (37), Indie (23)",Majorariatto,Majorariatto,"Engine.Unity, SDK.cURL",22 March 2023 ‚Äì 21:17:01 UTC (24 days ago) (1679519821),98,101,101,"1,415",2023-03-28T16:35:04+00:00
4,4,Hi-Fi RUSH,/app/1817230/,Action (1),Action (1),Bethesda Softworks,Tango Gameworks,"Engine.Unreal, SDK.Intel_OID, SDK.Intel_XeSS, SDK.NVIDIA_APEX, SDK.NVIDIA_DLSS, SDK.NVIDIA_GeForce_Now, SDK.NVIDIA_Nsight_Aftermath, SDK.NVIDIA_PhysX, SDK.Vorbis, SDK.Wwise, SDK.XAudio2, SDK.iZotope",11 April 2023 ‚Äì 18:58:58 UTC (4 days ago) (1681239538),97,630,664,"6,132",2023-01-29T05:05:04+00:00
5,5,‰∏úÂåó‰πãÂ§è,/app/2121360/,RPG (3),"Free to Play (37), RPG (3)",Â∫Ñ‰∏çÁ∫ØÂ∑•‰ΩúÂÆ§,Â∫Ñ‰∏çÁ∫ØÂ∑•‰ΩúÂÆ§,Engine.Unity,29 September 2022 ‚Äì 15:18:39 UTC (7 months ago) (1664464719),98,62,75,"8,672",2023-01-10T11:30:04+00:00
6,6,Crab Champions,/app/774801/,Action (1),"Action (1), Adventure (25), Casual (4), Indie (23), Racing (9), Strategy (2), Early Access (70)",Noisestorm Limited,Noisestorm Limited,"Engine.Unreal, SDK.NVIDIA_APEX, SDK.NVIDIA_GeForce_Now, SDK.NVIDIA_Nsight_Aftermath, SDK.NVIDIA_PhysX, SDK.Vorbis, SDK.XAudio2",2 April 2023 ‚Äì 08:37:17 UTC (13 days ago) (1680424637),98,"4,142","6,419","8,564",2023-04-08T04:05:04+00:00
7,7,Papa's Freezeria Deluxe,/app/2291760/,Strategy (2),"Action (1), Casual (4), Indie (23), Simulation (28), Strategy (2)",Flipline Studios,Flipline Studios,Engine.Adobe_AIR,28 March 2023 ‚Äì 18:04:54 UTC (18 days ago) (1680026694),99,661,838,"1,227",2023-04-02T19:05:05+00:00
8,8,A Space for the Unbound,/app/1201270/,Adventure (25),"Adventure (25), Indie (23)",Toge Productions,Mojiken,"Engine.Unity, SDK.FMOD, SDK.SteamworksNET, SDK.cURL",14 February 2023 ‚Äì 01:03:10 UTC (2 months ago) (1676336590),98,63,63,338,2023-01-20T14:40:06+00:00
9,9,Handshakes,/app/2171690/,Free to Play (37),"Casual (4), Free to Play (37)",Pet Pumpkin,Pet Pumpkin,"Engine.Unity, SDK.SteamworksNET, SDK.cURL",26 March 2023 ‚Äì 12:49:34 UTC (20 days ago) (1679834974),99,8,15,195,2023-01-21T21:50:09+00:00
10,10,ÂÄôÈ∏ü,/app/1765350/,Adventure (25),Adventure (25),Syawase Works China,KIDFansClub,Engine.RenPy,10 January 2023 ‚Äì 16:03:44 UTC (3 months ago) (1673366624),98,19,20,162,2023-02-27T14:50:06+00:00
11,11,–°–∏–º—É–ª—è—Ç–æ—Ä –ü–æ–±–µ–≥–∞ –æ—Ç –í–æ–µ–Ω–∫–æ–º–∞—Ç–∞,/app/1248090/,Indie (23),"Action (1), Adventure (25), Indie (23), Simulation (28)",Pirotexnik,Pirotexnik,"Engine.Unity, SDK.SteamworksNET, SDK.cURL",24 March 2023 ‚Äì 10:03:06 UTC (22 days ago) (1679652186),97,127,157,775,2023-04-06T17:40:04+00:00
12,12,I commissioned some bees 0,/app/2250060/,Indie (23),"Casual (4), Free to Play (37), Indie (23)",Follow The Fun,Follow The Fun,,12 January 2023 ‚Äì 16:15:19 UTC (3 months ago) (1673540119),97,21,31,374,2023-01-16T20:20:07+00:00
13,13,Spin Rhythm XD,/app/1058830/,Indie (23),"Action (1), Casual (4), Indie (23)",Super Spin Digital,Super Spin Digital,"Engine.Unity, SDK.Discord, SDK.SteamworksNET, SDK.UnityURP, SDK.cURL",15 March 2023 ‚Äì 00:31:51 UTC (last month) (1678840311),97,57,69,313,2020-04-14T17:00:05+00:00
14,14,OCTOPATH TRAVELER II,/app/1971650/,RPG (3),RPG (3),Square Enix,Square Enix,"Engine.Unreal, SDK.CRIWARE, SDK.NVIDIA_APEX, SDK.NVIDIA_GeForce_Now, SDK.NVIDIA_Nsight_Aftermath, SDK.NVIDIA_PhysX, SDK.Vorbis, SDK.XAudio2",23 March 2023 ‚Äì 09:24:21 UTC (23 days ago) (1679563461),96,"3,206","3,388","17,008",2023-02-26T13:55:05+00:00
15,15,Boneraiser Minions,/app/1944570/,Action (1),"Action (1), Casual (4), Indie (23), RPG (3)",caiys,caiys,Engine.GameMaker,1 August 2022 ‚Äì 14:41:18 UTC (9 months ago) (1659364878),96,332,374,"2,029",2023-03-19T21:05:04+00:00
16,16,Bloody Hell,/app/2056220/,Indie (23),"Action (1), Adventure (25), Free to Play (37), Indie (23)",Pun Intended,Pun Intended,"Engine.Unity, SDK.Discord, SDK.FMOD, SDK.SteamworksNET, SDK.UnityBurst, SDK.UnityURP",27 January 2023 ‚Äì 16:57:53 UTC (3 months ago) (1674838673),98,60,69,395,2023-01-29T20:40:06+00:00
17,17,DREDGE,/app/1562430/,Adventure (25),"Adventure (25), RPG (3)",Team17,Black Salt Games,"Engine.Unity, SDK.UnityURP, SDK.cURL",30 March 2023 ‚Äì 16:26:48 UTC (16 days ago) (1680193608),96,"7,523","7,523","12,686",2023-04-02T19:55:04+00:00
18,18,Your Only Move Is HUSTLE,/app/2212330/,Indie (23),"Action (1), Indie (23), Simulation (28), Strategy (2)",Ivy Sly,Ivy Sly,Engine.Godot,3 January 2023 ‚Äì 19:11:48 UTC (3 months ago) (1672773108),95,745,"1,255","3,405",2023-02-18T04:45:04+00:00
19,19,Touhou¬†Hero¬†of¬†Ice¬†Fairy,/app/1955830/,Action (1),"Action (1), Adventure (25), Indie (23), RPG (3), Early Access (70)",GAMEPULSE Ê∏∏ÊàèËÑâÂÜ≤,GAMEPULSE Ê∏∏ÊàèËÑâÂÜ≤,"Engine.Unity, SDK.UnityURP",14 April 2023 ‚Äì 08:24:41 UTC (yesterday) (1681460681),98,69,81,573,2023-02-25T10:45:04+00:00
20,20,Your Turn To Die -Death Game By Majority- ,/app/2067780/,Indie (23),"Adventure (25), Indie (23), Early Access (70)",0UP GAMES,Nankidai,"Engine.RPGMaker, SDK.Greenworks, SDK.NWJS, SDK.NodeJS, SDK.Vorbis",17 February 2023 ‚Äì 08:20:43 UTC (2 months ago) (1676622043),99,39,47,471,2023-02-20T16:30:06+00:00
21,21,DR LIVESEY ROM AND DEATH EDITION,/app/2181930/,Action (1),"Action (1), Adventure (25), Indie (23), RPG (3), Simulation (28)",Agafonoff,Agafonoff,"Engine.Unity, SDK.SteamworksNET, SDK.cURL",22 November 2022 ‚Äì 10:36:06 UTC (5 months ago) (1669113366),95,43,50,818,2023-04-06T09:55:04+00:00
22,22,Half-Life: MMod,/app/1761270/,Action (1),Action (1),Gunship_Mark_II,MMod Team,"Engine.GoldSource, SDK.CEF, SDK.Miles_Sound_System, SDK.SDL",14 March 2023 ‚Äì 16:27:21 UTC (last month) (1678811241),96,90,106,"1,027",2023-03-14T17:50:05+00:00
23,23,Hogwarts Legacy,/app/990080/,Adventure (25),"Action (1), Adventure (25), RPG (3)",Warner Bros. Games,Avalanche Software,"Engine.Unreal, SDK.EpicOnlineServices, SDK.Intel_XeSS, SDK.NVIDIA_Ansel, SDK.NVIDIA_DLSS, SDK.NVIDIA_GeForce_Now, SDK.NVIDIA_Nsight_Aftermath, SDK.Wwise, SDK.XAudio2",14 February 2023 ‚Äì 22:05:35 UTC (2 months ago) (1676412335),92,"34,741","34,741","879,308",2023-02-12T19:45:05+00:00
24,24,Big Ambitions,/app/1331550/,Simulation (28),"Indie (23), Simulation (28), Early Access (70)",Hovgaard Games,Hovgaard Games,"Engine.Unity, SDK.UnityBurst, SDK.UnityHDRP",9 March 2023 ‚Äì 18:04:58 UTC (last month) (1678385098),94,"2,913","2,913","10,961",2023-03-12T20:00:03+00:00
25,25,Apewar,/app/2306590/,Action (1),"Action (1), Casual (4), Indie (23), Strategy (2), Early Access (70)",Gombe Games,Gombe Games,Engine.Unity,27 March 2023 ‚Äì 18:39:39 UTC (19 days ago) (1679942379),96,91,190,361,2023-03-31T02:20:06+00:00
26,26,Meg's Monster,/app/1783360/,RPG (3),"Adventure (25), Indie (23), RPG (3)",Odencat,Odencat,,2 March 2023 ‚Äì 12:41:22 UTC (last month) (1677760882),98,18,26,195,2023-03-05T12:30:06+00:00
27,27,The Test: Secrets of the Soul,/app/2231890/,Simulation (28),"Adventure (25), Casual (4), Free to Play (37), Indie (23), RPG (3), Simulation (28)",Randumb Studios,Randumb Studios,"Engine.RPGMaker, SDK.NWJS, SDK.NodeJS",17 December 2022 ‚Äì 11:13:18 UTC (4 months ago) (1671275598),98,2,4,16,2023-02-21T00:50:14+00:00
28,28,Barotrauma,/app/602960/,Indie (23),"Action (1), Indie (23), Simulation (28), Strategy (2)",Daedalic Entertainment,FakeFish,"Engine.MonoGame, SDK.SDL, SDK.Vorbis",13 March 2023 ‚Äì 17:20:23 UTC (last month) (1678728023),92,"7,552","7,811","19,655",2021-11-14T14:30:04+00:00
29,29,ËßÖÈïøÁîü,/app/1189490/,Indie (23),"Indie (23), RPG (3), Strategy (2)",Chalcedony Network,Chalcedony Network,Engine.Unity,13 January 2023 ‚Äì 04:25:07 UTC (3 months ago) (1673583907),93,"3,942","4,391","26,379",2023-01-26T13:50:04+00:00
30,30,Birth,/app/1889040/,Indie (23),"Adventure (25), Indie (23)",Madison Karrh,Madison Karrh,"Engine.Unity, SDK.SteamworksNET, SDK.cURL",19 January 2023 ‚Äì 15:08:01 UTC (3 months ago) (1674140881),98,23,39,183,2023-04-01T19:10:08+00:00
31,31,Contraband Police,/app/756800/,Simulation (28),"Action (1), Adventure (25), Simulation (28)",PlayWay S.A.,Crazy Rocks,"Engine.Unity, SDK.Vorbis",8 March 2023 ‚Äì 11:31:43 UTC (last month) (1678275103),94,"1,558","1,589","8,124",2023-03-12T14:45:05+00:00
32,32,Bing in Wonderland,/app/1710100/,Action (1),"Action (1), Casual (4), Indie (23)",Wanba Studio,Wanba Studio,"Engine.Unity, SDK.SteamworksNET, SDK.UnityURP, SDK.Wwise, SDK.cURL",3 April 2023 ‚Äì 16:34:55 UTC (12 days ago) (1680539695),96,97,141,977,2023-01-14T13:35:04+00:00
33,33,Luck be a Landlord,/app/1404850/,Indie (23),"Indie (23), Simulation (28), Strategy (2)",TrampolineTales,TrampolineTales,Engine.Godot,5 January 2023 ‚Äì 16:12:44 UTC (3 months ago) (1672935164),93,408,417,"2,544",2021-03-23T14:40:04+00:00
34,34,Durka Simulator,/app/1450150/,Indie (23),"Free to Play (37), Indie (23), Simulation (28)",Alcohol Studios,Crucial Experiment,"Engine.RenPy, SDK.SteamworksNET",8 April 2023 ‚Äì 18:19:48 UTC (7 days ago) (1680977988),95,3,7,48,2021-04-01T11:10:07+00:00
35,35, Dead Space,/app/1693980/,Adventure (25),"Action (1), Adventure (25)",Electronic Arts,Motive,"Engine.Frostbite, SDK.AMD_GPU_Services, SDK.NVIDIA_DLSS",27 February 2023 ‚Äì 18:33:53 UTC (2 months ago) (1677522833),92,761,772,"30,925",2023-01-28T03:20:04+00:00
36,36,PARANORMASIGHT: The Seven Mysteries of Honjo,/app/2106840/,Adventure (25),"Adventure (25), RPG (3), Simulation (28)",Square Enix,Square Enix,"Engine.Unity, SDK.UnityBurst",8 March 2023 ‚Äì 16:57:04 UTC (last month) (1678294624),96,124,148,582,2023-03-19T13:30:06+00:00
37,37,Patch Quest,/app/1347970/,Indie (23),"Action (1), Adventure (25), Indie (23)",Curve Games,Lychee Game Labs,"Engine.Unity, SDK.Discord",6 April 2023 ‚Äì 15:25:08 UTC (9 days ago) (1680794708),94,119,134,"2,356",2023-03-04T14:35:05+00:00
38,38,Vertigo 2,/app/843390/,Adventure (25),"Action (1), Adventure (25), Indie (23)",Zulubo Productions,Zach Tsiakalis-Brown,"Engine.Unity, SDK.OpenVR, SDK.Steam_Audio",29 January 2023 ‚Äì 01:12:08 UTC (3 months ago) (1674954728),97,78,96,295,2023-03-31T00:10:07+00:00
39,39,Larcin Lazer,/app/1707400/,Indie (23),"Action (1), Casual (4), Indie (23)",Tambouille,Tambouille,"SDK.NWJS, SDK.NodeJS",23 January 2023 ‚Äì 10:38:05 UTC (3 months ago) (1674470285),99,1,2,38,2023-01-25T20:10:10+00:00
40,40,Fallen Hero: Retribution,/app/1343810/,Indie (23),"Action (1), Adventure (25), Casual (4), Indie (23), RPG (3)",Hosted Games,Hosted Games,Container.Electron,2 July 2022 ‚Äì 18:27:42 UTC (10 months ago) (1656786462),99,11,20,379,2023-02-02T20:20:06+00:00
41,41,Scarlet Maiden,/app/1968840/,Action (1),"Action (1), Adventure (25), Early Access (70)",Critical Bliss,Otterside Games,"Engine.Unity, SDK.SteamworksNET, SDK.UnityURP, SDK.cURL",19 January 2023 ‚Äì 21:47:00 UTC (3 months ago) (1674164820),95,66,72,736,2023-01-28T05:45:04+00:00
42,42,Landfall Archives,/app/2353760/,Action (1),"Action (1), Adventure (25), Casual (4), Free to Play (37), Indie (23), Simulation (28), Strategy (2)",Landfall,Landfall,"Engine.Unity, SDK.FMOD, SDK.Photon, SDK.SteamworksNET, SDK.UnityBurst, SDK.UnityURP, SDK.cURL",11 March 2023 ‚Äì 16:23:07 UTC (last month) (1678551787),96,155,163,"1,247",2023-04-01T20:45:05+00:00
43,43,Elong Plug,/app/2172030/,Free to Play (37),"Adventure (25), Casual (4), Free to Play (37), Indie (23)",AriaMohebi,Aria Mohebi,"Engine.Unity, SDK.FMOD, SDK.UnityURP, SDK.cURL",25 January 2023 ‚Äì 08:13:25 UTC (3 months ago) (1674634405),99,2,4,34,2023-03-04T14:40:10+00:00
44,44,The Symbiant,/app/1883090/,Indie (23),"Casual (4), Indie (23), Simulation (28)",HeartCoreDev,HeartCoreDev,Engine.RenPy,8 February 2023 ‚Äì 20:25:43 UTC (2 months ago) (1675887943),98,4,7,120,2023-02-04T15:40:10+00:00
45,45,Shogun Showdown: Prologue,/app/2316330/,Strategy (2),"Free to Play (37), RPG (3), Strategy (2)",Goblinz Publishing,Roboatino,"Engine.Unity, SDK.UnityBurst, SDK.UnityURP, SDK.cURL",4 April 2023 ‚Äì 07:18:37 UTC (11 days ago) (1680592717),98,82,88,590,2023-04-05T10:45:04+00:00
46,46,ÊµÅÂÖâÊòìÈÄùÁöÑÂ§èÊú´ - Fleeting Summer's End,/app/2205290/,RPG (3),RPG (3),È´òÊü≥Â†Ç,È´òÊü≥Â†Ç,"Engine.RPGMaker, SDK.NWJS, SDK.NodeJS",23 December 2022 ‚Äì 14:22:28 UTC (4 months ago) (1671805348),100,0,1,22,2023-01-06T11:30:14+00:00
47,47,Lake Haven - Chrysalis,/app/1696960/,Adventure (25),"Action (1), Adventure (25)",Encrypt Games,Encrypt Games,"Engine.Unity, SDK.UnityBurst, SDK.cURL",18 January 2023 ‚Äì 18:43:21 UTC (3 months ago) (1674067401),98,0,3,24,2023-01-22T21:50:16+00:00
48,48,The Legend of Heroes: Trails to Azure,/app/1668520/,RPG (3),RPG (3),"NIS America, Inc.",Nihon Falcom,SDK.Discord,14 March 2023 ‚Äì 16:45:49 UTC (last month) (1678812349),98,318,331,884,2023-03-19T19:00:05+00:00
49,49,Half-Life 2: VR Mod - Episode One,/app/2177750/,Action (1),"Action (1), Adventure (25)",Source VR Mod Team,Source VR Mod Team,"Engine.Source, SDK.Bink_Video, SDK.CEF, SDK.Miles_Sound_System, SDK.OpenVR, SDK.SDL, SDK.SteamworksNET",2 April 2023 ‚Äì 22:41:56 UTC (13 days ago) (1680475316),98,39,39,193,2023-03-17T19:00:06+00:00
50,50,q.u.q.,/app/2302140/,Indie (23),Indie (23),Nikita Kryukov,motijan,Engine.RenPy,2 February 2023 ‚Äì 22:44:54 UTC (2 months ago) (1675377894),97,8,15,24,2023-02-27T16:30:14+00:00
51,51,The Last Spell,/app/1105670/,Strategy (2),"Action (1), Indie (23), RPG (3), Strategy (2)",The Arcade Crew,Ishtar Games,"Engine.Unity, SDK.SteamworksNET, SDK.cURL",14 March 2023 ‚Äì 12:03:07 UTC (last month) (1678795387),91,"1,837","1,869","6,755",2021-06-06T14:55:04+00:00
52,52,EMPTY SHELL: PROLOGUE,/app/2224850/,Free to Play (37),"Action (1), Adventure (25), Free to Play (37), Indie (23)",Hyperstrange,CC ARTS,"Engine.Unity, SDK.SteamworksNET, SDK.cURL",11 December 2022 ‚Äì 08:37:42 UTC (4 months ago) (1670747862),95,4,12,130,2023-01-14T19:30:07+00:00
53,53,Sifu,/app/2138710/,Action (1),"Action (1), Indie (23)",Sloclap,Sloclap,"Engine.Unreal, SDK.NVIDIA_APEX, SDK.NVIDIA_DLSS, SDK.NVIDIA_Nsight_Aftermath, SDK.NVIDIA_PhysX, SDK.Vorbis, SDK.Wwise, SDK.XAudio2, SDK.iZotope",13 April 2023 ‚Äì 13:39:45 UTC (2 days ago) (1681393185),92,960,"1,038","3,189",2023-04-01T14:40:05+00:00
54,54,ÊñπÂØ∏ÊñáÊòé,/app/2230280/,Strategy (2),Strategy (2),Âñú‰∫∫‰∏Ä‰∏™,Âñú‰∫∫‰∏Ä‰∏™,"Engine.Unity, SDK.SteamworksNET, SDK.UnityBurst, SDK.cURL",7 December 2022 ‚Äì 09:20:02 UTC (4 months ago) (1670404802),94,111,126,"1,414",2023-01-06T13:00:03+00:00
55,55,Crimson Snow,/app/2067790/,Adventure (25),"Action (1), Adventure (25), Indie (23)",Steppe Hare Studio,Steppe Hare Studio,"Engine.Unreal, SDK.Intel_OID, SDK.NVIDIA_APEX, SDK.NVIDIA_GeForce_Now, SDK.NVIDIA_Nsight_Aftermath, SDK.NVIDIA_PhysX, SDK.Vorbis, SDK.XAudio2",24 November 2022 ‚Äì 12:36:55 UTC (5 months ago) (1669293415),94,9,14,103,2022-12-23T20:20:07+00:00
56,56,ÈÄöÁ•ûÊ¶ú Noobs Want to Live,/app/1737340/,Casual (4),"Action (1), Adventure (25), Casual (4), Indie (23)",Lightning Games,ÂÖÉÊ∞îÂºπÂ∑•‰ΩúÂÆ§,"Engine.Unity, SDK.SteamworksNET, SDK.UnityBurst, SDK.UnityURP, SDK.cURL",16 February 2023 ‚Äì 10:08:55 UTC (2 months ago) (1676542135),92,641,718,"8,622",2023-02-16T13:55:04+00:00
57,57,Ïä§ÌÖåÌçº ÏºÄÏù¥Ïä§: Ï¥àÎä•Î†• Ï∂îÎ¶¨ Ïñ¥ÎìúÎ≤§Ï≤ò,/app/2128480/,Adventure (25),"Adventure (25), Early Access (70)",Team Tetrapod,Team Tetrapod,"Engine.Unity, SDK.SteamworksNET, SDK.UnityBurst, SDK.cURL",6 March 2023 ‚Äì 09:15:34 UTC (last month) (1678094134),97,50,59,134,2023-03-19T13:40:08+00:00
58,58,Ages of Conflict: World War Simulator,/app/2186320/,Simulation (28),"Casual (4), Indie (23), Simulation (28), Early Access (70)",JoySpark Games,JoySpark Games,"Engine.Unity, SDK.SteamworksNET, SDK.UnityBurst, SDK.UnityURP, SDK.cURL",9 February 2023 ‚Äì 20:18:15 UTC (2 months ago) (1675973895),95,183,183,312,2023-02-25T20:30:05+00:00
59,59,RHYTHM SPROUT,/app/1475840/,Indie (23),"Action (1), Adventure (25), Indie (23)",tinyBuild,SURT,"Engine.Unity, SDK.SteamworksNET, SDK.UnityBurst, SDK.cURL",2 February 2023 ‚Äì 20:04:59 UTC (2 months ago) (1675368299),96,7,20,204,2023-02-02T01:30:06+00:00
60,60,Mortal Sin,/app/1494810/,Action (1),"Action (1), Indie (23), RPG (3), Early Access (70)",Nikola Todorovic,Nikola Todorovic,"Engine.Unity, SDK.UnityBurst",10 March 2023 ‚Äì 01:14:15 UTC (last month) (1678410855),96,14,20,191,2023-03-17T01:40:06+00:00
61,61,Figment 2: Creed Valley,/app/1085220/,Adventure (25),"Action (1), Adventure (25), Indie (23)",Bedtime Digital Games,Bedtime Digital Games,"Engine.Unity, SDK.UnityBurst, SDK.cURL",9 March 2023 ‚Äì 15:22:48 UTC (last month) (1678375368),98,3,14,62,2023-03-10T20:20:10+00:00
62,62,Locke(d),/app/2267810/,Free to Play (37),"Free to Play (37), Indie (23)",KigyoDev,KigyoDev,Engine.RenPy,14 April 2023 ‚Äì 06:46:13 UTC (yesterday) (1681454773),95,1,5,30,2023-01-28T17:50:11+00:00
63,63,Cultivation Story: Reincarnation,/app/1866880/,Indie (23),"Action (1), Adventure (25), Indie (23), RPG (3)",Chi Entertainment Corp.,Chi Entertainment Corp.,"Engine.Unity, SDK.SteamworksNET, SDK.UnityURP, SDK.cURL",31 January 2023 ‚Äì 16:50:29 UTC (2 months ago) (1675183829),93,157,162,"1,626",2023-02-08T13:40:05+00:00
64,64,Gorilla Tag,/app/1533390/,Action (1),"Action (1), Casual (4)",Another Axiom,Another Axiom,"Engine.Unity, SDK.OculusXRPlugin, SDK.OpenVR, SDK.Photon, SDK.UnityBurst",28 December 2022 ‚Äì 18:15:02 UTC (4 months ago) (1672251302),90,"1,154","1,154","1,679",2022-04-03T18:30:03+00:00
65,65,SpongeBob SquarePants: The Cosmic Shake,/app/1282150/,Action (1),Action (1),THQ Nordic,Purple Lamp,"Engine.Unreal, SDK.Intel_OID, SDK.NVIDIA_APEX, SDK.NVIDIA_Ansel, SDK.NVIDIA_GeForce_Now, SDK.NVIDIA_Nsight_Aftermath, SDK.NVIDIA_PhysX, SDK.OpenXR, SDK.Vorbis, SDK.XAudio2",10 February 2023 ‚Äì 09:13:14 UTC (2 months ago) (1676020394),93,43,50,"1,949",2023-01-31T19:40:03+00:00
66,66,Can of Wormholes,/app/1295320/,Indie (23),Indie (23),munted finger,munted finger,SDK.OpenAL,19 March 2023 ‚Äì 17:01:33 UTC (27 days ago) (1679245293),99,49,49,165,2023-03-25T20:30:08+00:00
67,67,Love Love School Days,/app/1305300/,Action (1),"Action (1), Adventure (25), Indie (23)",OTL GAME,OTL GAME,"Engine.Unity, SDK.SteamworksNET, SDK.UnityBurst, SDK.UnityURP, SDK.cURL",19 April 2022 ‚Äì 05:34:18 UTC (12 months ago) (1650346458),96,21,35,277,2023-02-06T13:30:08+00:00
68,68,Die in the Dungeon PROLOGUE,/app/2214080/,Indie (23),"Indie (23), RPG (3), Strategy (2)",DitD Team,DitD Team,"Engine.Unity, SDK.SteamworksNET, SDK.cURL",19 January 2023 ‚Äì 16:41:40 UTC (3 months ago) (1674146500),96,16,18,379,2023-01-22T18:30:06+00:00
69,69,Season,/app/695330/,Adventure (25),"Adventure (25), Casual (4), Indie (23)",Scavengers Studio,Scavengers Studio,"Engine.Unreal, SDK.EpicOnlineServices, SDK.Intel_OID, SDK.NVIDIA_APEX, SDK.NVIDIA_DLSS, SDK.NVIDIA_GeForce_Now, SDK.NVIDIA_Nsight_Aftermath, SDK.NVIDIA_PhysX, SDK.OculusXRPlugin, SDK.OpenXR, SDK.Vorbis, SDK.Wwise, SDK.XAudio2, SDK.iZotope",14 April 2023 ‚Äì 14:31:47 UTC (yesterday) (1681482707),93,24,24,461,2023-02-01T14:30:06+00:00
70,70,Halls of Torment Prelude,/app/2316660/,Action (1),"Action (1), Casual (4), Indie (23), RPG (3)",Chasing Carrots,Chasing Carrots,Engine.Godot,22 February 2023 ‚Äì 13:40:54 UTC (2 months ago) (1677073254),94,129,151,"1,080",2023-03-28T22:15:04+00:00
71,71,ÊåÇÊú∫Á•ûËØù,/app/1863750/,Indie (23),"Casual (4), Indie (23), RPG (3), Strategy (2)",Êë∏È±ºÁå´Â∑•‰ΩúÂÆ§,Êë∏È±ºÁå´Â∑•‰ΩúÂÆ§,Engine.Unity,7 April 2023 ‚Äì 07:54:19 UTC (8 days ago) (1680854059),92,480,534,"1,142",2022-05-19T12:45:04+00:00
72,72,Demons Roots,/app/1933660/,Indie (23),"Adventure (25), Indie (23), RPG (3)",Kagura Games,Quick nail Aristocrat,"Engine.RPGMaker, SDK.NWJS, SDK.NodeJS, SDK.Vorbis",9 March 2023 ‚Äì 06:07:23 UTC (last month) (1678342043),93,54,60,612,2023-01-16T15:35:06+00:00
73,73,24 Killers,/app/1668310/,Adventure (25),"Adventure (25), Casual (4), Indie (23)",Happy Shabby Games,Happy Shabby Games,Engine.Adobe_AIR,9 March 2023 ‚Äì 04:42:28 UTC (last month) (1678336948),100,1,4,29,2023-03-10T04:10:12+00:00
74,74,Demonologist,/app/1929610/,Adventure (25),"Action (1), Adventure (25), Indie (23), Early Access (70)",Clock Wizard Games,Clock Wizard Games,"Engine.Unreal, SDK.Intel_OID, SDK.NVIDIA_Nsight_Aftermath, SDK.Vivox, SDK.Vorbis, SDK.XAudio2",18 March 2023 ‚Äì 18:12:00 UTC (28 days ago) (1679163120),91,"4,463","7,518","8,806",2023-04-09T21:15:04+00:00
75,75,Mr. Saitou,/app/628740/,Adventure (25),"Adventure (25), Indie (23), RPG (3)",Laura Shigihara,Laura Shigihara,,14 March 2023 ‚Äì 22:21:23 UTC (last month) (1678832483),96,1,6,61,2023-03-23T18:00:10+00:00
76,76,Aliens After Ava,/app/1995780/,Action (1),"Action (1), Free to Play (37), Indie (23)",Alejandro Hervella,Alejandro Hervella,"Engine.Unity, SDK.SteamworksNET, SDK.UnityBurst, SDK.cURL",12 July 2022 ‚Äì 06:15:58 UTC (9 months ago) (1657606558),99,0,2,14,2023-01-22T17:30:17+00:00
77,77,The Light Brigade,/app/1579880/,Action (1),"Action (1), RPG (3), Strategy (2)",Funktronic Labs,Funktronic Labs,"Engine.Unity, SDK.OpenXR, SDK.SteamworksNET, SDK.UnityBurst, SDK.UnityURP, SDK.cURL",3 March 2023 ‚Äì 21:27:51 UTC (last month) (1677878871),94,30,30,156,2023-02-26T20:20:08+00:00
78,78,SkyIsland,/app/2302640/,Indie (23),"Action (1), Adventure (25), Casual (4), Free to Play (37), Indie (23)",Team.Olympus,Team.Olympus,"Engine.Unity, SDK.FMOD, SDK.UnityBurst",12 February 2023 ‚Äì 02:59:49 UTC (2 months ago) (1676170789),94,9,14,216,2023-02-16T08:20:05+00:00
79,79,HOPE LEFT ME,/app/2268470/,Casual (4),"Casual (4), Indie (23)",.orphans,Astrophysics,"Engine.Unity, SDK.SteamworksNET, SDK.cURL",12 January 2023 ‚Äì 20:58:47 UTC (3 months ago) (1673557127),98,0,3,14,2023-03-11T04:50:14+00:00
80,80,Creepy Tale 3: Ingrid Penance,/app/1761780/,Adventure (25),"Adventure (25), Indie (23)",Creepy Brothers,Creepy Brothers,"Engine.Unity, SDK.FMOD, SDK.UnityURP, SDK.cURL",30 March 2023 ‚Äì 08:08:17 UTC (16 days ago) (1680163697),97,22,27,121,2023-03-11T13:30:09+00:00
81,81,VOYAGER,/app/2119210/,Adventure (25),"Adventure (25), Casual (4), Indie (23), Simulation (28)",Planetary Gears,Planetary Gears,Engine.GameMaker,6 March 2023 ‚Äì 00:21:40 UTC (last month) (1678062100),99,1,3,9,2023-03-26T21:30:19+00:00
82,82,Plasma,/app/1409160/,Simulation (28),"Indie (23), Simulation (28), Early Access (70)",Dry Licorice,Dry Licorice,"Engine.Unity, SDK.FMOD, SDK.SteamworksNET, SDK.cURL",30 March 2023 ‚Äì 15:57:42 UTC (16 days ago) (1680191862),96,60,67,358,2023-03-30T19:10:05+00:00
83,83,NOeSIS ‚Ö°-‰∫∫Èó¥Êó†Â∏∏,/app/1625230/,RPG (3),"Casual (4), Free to Play (37), RPG (3)",Red √ó Balloon,Red √ó Balloon,Engine.NScripter,26 February 2023 ‚Äì 07:07:15 UTC (2 months ago) (1677395235),99,1,3,17,2023-03-04T11:50:14+00:00
84,84,memories,/app/2219470/,Indie (23),"Adventure (25), Casual (4), Free to Play (37), Indie (23), Simulation (28)",Spookulele Games,guiyyu,"Engine.Unity, SDK.SteamworksNET, SDK.cURL",29 January 2023 ‚Äì 18:04:40 UTC (3 months ago) (1675015480),94,2,7,38,2023-02-04T17:20:11+00:00
85,85,Pleh!,/app/2191550/,Free to Play (37),"Adventure (25), Free to Play (37), Indie (23)",Jester Games,Jester Games,"Engine.Unity, SDK.Discord, SDK.SteamworksNET, SDK.cURL",19 October 2022 ‚Äì 13:40:35 UTC (6 months ago) (1666186835),94,7,11,124,2023-03-25T20:40:08+00:00
86,86,Sun Haven,/app/1432860/,Simulation (28),"Adventure (25), Casual (4), Indie (23), RPG (3), Simulation (28)",Pixel Sprout Studios,Pixel Sprout Studios,"Engine.Unity, SDK.SteamworksNET, SDK.UnityURP",22 March 2023 ‚Äì 23:13:03 UTC (24 days ago) (1679526783),90,"4,651","4,977","12,706",2023-03-19T20:55:04+00:00
87,87,Atelier Ryza 3: Alchemist of the End & the Secret Key,/app/1999770/,RPG (3),"Adventure (25), Casual (4), RPG (3), Simulation (28)","KOEI TECMO GAMES CO., LTD.","KOEI TECMO GAMES CO., LTD.",,24 March 2023 ‚Äì 05:36:16 UTC (22 days ago) (1679636176),93,"2,029","2,520","7,162",2023-03-26T13:30:04+00:00
88,88,Above Snakes: Prologue,/app/2209150/,Simulation (28),"Adventure (25), RPG (3), Simulation (28)",Crytivo,Square Glade Games,"Engine.Unity, SDK.SteamworksNET, SDK.UnityBurst, SDK.UnityURP, SDK.cURL",24 March 2023 ‚Äì 14:51:45 UTC (22 days ago) (1679669505),92,102,126,"3,672",2023-03-27T13:15:05+00:00
89,89,Metroplex Zero,/app/1412960/,Strategy (2),"Strategy (2), Early Access (70)",Enigma Dragons LLC,Enigma Dragons LLC,"Engine.Unity, SDK.FMOD, SDK.SteamworksNET, SDK.cURL",3 April 2023 ‚Äì 05:21:11 UTC (12 days ago) (1680499271),100,0,2,16,2023-03-31T13:50:15+00:00
90,90,SimRail - The Railway Simulator,/app/1422130/,Simulation (28),"Simulation (28), Early Access (70)",PlayWay S.A.,SimRail S.A.,"Engine.Unity, SDK.NVIDIA_DLSS",13 January 2023 ‚Äì 04:15:10 UTC (3 months ago) (1673583310),92,419,483,"1,914",2023-01-13T20:55:04+00:00
91,91,SpunkStock: Music Festival,/app/1863290/,Action (1),"Action (1), Indie (23)",RegulusNSFW,RegulusNSFW,"Engine.Unity, SDK.UnityURP, SDK.cURL",26 January 2023 ‚Äì 08:30:26 UTC (3 months ago) (1674721826),96,4,14,277,2023-01-27T06:10:05+00:00
92,92,Farlanders,/app/1318740/,Strategy (2),"Indie (23), Simulation (28), Strategy (2)",Crytivo,Andriy Bychkovskyi,"Engine.Unity, SDK.UnityBurst, SDK.UnityURP, SDK.cURL",17 January 2023 ‚Äì 15:34:34 UTC (3 months ago) (1673969674),94,9,14,251,2023-01-21T17:20:06+00:00
93,93,Clash: Artifacts of Chaos,/app/1430680/,Action (1),"Action (1), Adventure (25), Indie (23)",Nacon,ACE Team,"Engine.Unreal, SDK.Intel_OID, SDK.NVIDIA_APEX, SDK.NVIDIA_GeForce_Now, SDK.NVIDIA_Nsight_Aftermath, SDK.NVIDIA_PhysX, SDK.Vorbis, SDK.XAudio2",9 March 2023 ‚Äì 17:01:14 UTC (last month) (1678381274),94,10,17,148,2023-03-12T19:40:08+00:00
94,94,Glory & Miserable Survivors DX,/app/2178330/,Action (1),"Action (1), Casual (4), RPG (3)",Mango Party,TLACHTLI,"Engine.Unity, SDK.SteamworksNET, SDK.cURL",16 March 2023 ‚Äì 04:17:37 UTC (last month) (1678940257),93,117,117,776,2023-03-17T15:05:05+00:00
95,95,Soundodger 2,/app/1400910/,Action (1),"Action (1), Casual (4), Indie (23)",Studio Bean,Studio Bean,"Engine.Unity, SDK.Discord, SDK.cURL",27 March 2023 ‚Äì 16:05:35 UTC (19 days ago) (1679933135),98,11,24,53,2021-10-11T16:00:10+00:00
96,96,Caves of Lore,/app/2227130/,RPG (3),"Indie (23), RPG (3), Strategy (2)",by Mike Robins,by Mike Robins,"Engine.Unity, SDK.SteamworksNET",12 April 2023 ‚Äì 16:47:21 UTC (3 days ago) (1681318041),96,10,11,103,2023-01-29T23:00:07+00:00
97,97,Lone Fungus,/app/1674780/,Indie (23),"Action (1), Adventure (25), Indie (23)",Basti Games,Basti Games,Engine.ClickTeamFusion,5 April 2023 ‚Äì 15:48:41 UTC (10 days ago) (1680709721),94,175,213,247,2023-04-12T01:50:06+00:00
98,98,Passpartout 2: The Lost Artist,/app/1571100/,Indie (23),"Casual (4), Indie (23), Simulation (28)",Flamebait Games,Flamebait Games,"Engine.Unity, SDK.FMOD, SDK.SteamworksNET, SDK.UnityBurst, SDK.UnityURP, SDK.cURL",4 April 2023 ‚Äì 16:58:31 UTC (11 days ago) (1680627511),94,267,285,591,2023-04-08T14:20:06+00:00
99,99,A Bavarian Tale - Totgeschwiegen,/app/1694560/,Adventure (25),"Adventure (25), RPG (3)",Active Fungus Studios,Active Fungus Studios,"Engine.Unreal, SDK.Intel_OID, SDK.NVIDIA_APEX, SDK.NVIDIA_GeForce_Now, SDK.NVIDIA_Nsight_Aftermath, SDK.NVIDIA_PhysX, SDK.OpenVR, SDK.OpenXR, SDK.Vorbis, SDK.XAudio2",2 February 2023 ‚Äì 11:30:49 UTC (2 months ago) (1675337449),96,7,7,57,2023-02-05T12:40:09+00:00
100,100,Coralina,/app/2246120/,Indie (23),"Adventure (25), Casual (4), Indie (23), RPG (3)",ZNT Productions,Gabriel Maki,,30 January 2023 ‚Äì 19:16:53 UTC (3 months ago) (1675106213),95,0,2,16,2023-01-08T21:10:17+00:00
101,101,King Of The Castle,/app/1839880/,Casual (4),"Casual (4), Indie (23), Strategy (2)",Team17,Tributary Games,"Engine.Unity, SDK.UnityURP, SDK.cURL",2 March 2023 ‚Äì 16:13:22 UTC (last month) (1677773602),93,24,89,321,2023-03-05T03:20:06+00:00
102,102,ZED ZONE,/app/1211600/,Indie (23),"Action (1), Indie (23), RPG (3), Simulation (28), Early Access (70)",INDIECN,Leven Liu,"Engine.Unity, SDK.UnityBurst",29 March 2023 ‚Äì 17:50:17 UTC (17 days ago) (1680112217),90,865,998,"2,569",2023-03-31T14:20:04+00:00
103,103,Omega Strikers,/app/1869590/,Free to Play (37),"Action (1), Free to Play (37), Strategy (2)",Odyssey Interactive,Odyssey Interactive,"Engine.Unreal, SDK.Intel_OID, SDK.NVIDIA_APEX, SDK.NVIDIA_GeForce_Now, SDK.NVIDIA_Nsight_Aftermath, SDK.NVIDIA_PhysX, SDK.Vorbis, SDK.Wwise, SDK.XAudio2",7 April 2023 ‚Äì 13:32:24 UTC (8 days ago) (1680874344),88,10,39,"19,257",2022-09-24T03:00:03+00:00
104,104,BETON BRUTAL,/app/2330500/,Indie (23),"Casual (4), Indie (23)",Jan Malitschek,Jan Malitschek,"Engine.Unity, SDK.cURL",9 March 2023 ‚Äì 20:54:14 UTC (last month) (1678395254),94,64,98,147,2023-04-06T16:20:08+00:00
105,105,ENTROPOLY,/app/2226160/,Action (1),Action (1),Wills Blackett,Wills Blackett,,3 March 2023 ‚Äì 01:04:48 UTC (last month) (1677805488),98,0,5,41,2023-03-05T04:10:09+00:00
106,106,„Åµ„Çä„Åã„Åë‚òÜ„Çπ„Éö„Ç§„Ç∑„Éº,/app/1764700/,Indie (23),Indie (23),„Çà„Çì„Å®„Çì„Éà„Éû„ÉÅ„É≥,„Çà„Çì„Å®„Çì„Éà„Éû„ÉÅ„É≥,"Engine.Unity, SDK.SteamworksNET, SDK.cURL",2 March 2023 ‚Äì 07:19:23 UTC (last month) (1677741563),98,3,8,48,2023-03-02T13:00:10+00:00
107,107,Cannibal Abduction,/app/2189640/,Adventure (25),"Adventure (25), Indie (23)",selewi,Tom√°s Esconjaureguy,"Engine.Unity, SDK.SteamworksNET, SDK.cURL",25 December 2022 ‚Äì 22:01:30 UTC (4 months ago) (1672005690),95,0,3,25,2023-01-19T01:20:11+00:00
108,108,Graze Counter GM,/app/1486440/,Action (1),"Action (1), Casual (4)",Henteko Doujin,Bikkuri Software,Engine.GameMaker,16 November 2022 ‚Äì 13:35:39 UTC (5 months ago) (1668605739),98,1,7,72,2023-01-19T13:40:08+00:00
109,109,The Multi-Medium,/app/2077380/,Indie (23),"Adventure (25), Casual (4), Indie (23)",Micah Boursier,Micah Boursier,"Engine.Unity, SDK.SteamworksNET, SDK.UnityURP",16 January 2023 ‚Äì 05:22:39 UTC (3 months ago) (1673846559),98,0,2,15,2023-01-21T03:20:14+00:00
110,110,Basements n' Basilisks: Storms of Sorcery,/app/2236860/,Adventure (25),"Adventure (25), Casual (4), RPG (3), Simulation (28)",eNVy softworks,eNVy softworks,Engine.Unity,23 February 2023 ‚Äì 23:05:08 UTC (2 months ago) (1677193508),98,0,2,20,2023-02-27T18:50:12+00:00
111,111,Partum Artifex,/app/2069760/,Adventure (25),Adventure (25),DalaKoala Games,DalaKoala Games,"Engine.Unreal, SDK.Intel_OID, SDK.NVIDIA_APEX, SDK.NVIDIA_GeForce_Now, SDK.NVIDIA_Nsight_Aftermath, SDK.NVIDIA_PhysX, SDK.Vorbis, SDK.XAudio2",27 January 2023 ‚Äì 03:31:16 UTC (3 months ago) (1674790276),98,0,4,17,2023-02-27T02:50:15+00:00
112,112,Plan B: Terraform,/app/1894430/,Early Access (70),"Indie (23), Simulation (28), Strategy (2), Early Access (70)",Gaddy Games,Gaddy Games,"Engine.Unity, SDK.SteamworksNET, SDK.UnityBurst, SDK.UnityURP, SDK.cURL",8 December 2022 ‚Äì 09:22:32 UTC (4 months ago) (1670491352),90,168,172,"2,352",2023-02-15T20:35:04+00:00
113,113,Dreams in the Witch House,/app/1902850/,Adventure (25),"Adventure (25), Indie (23), RPG (3)",Bonus Stage Publishing,Atom Brain Games,"Engine.AdventureGameStudio, SDK.SDL",17 February 2023 ‚Äì 13:43:03 UTC (2 months ago) (1676641383),96,3,7,42,2023-02-19T21:40:11+00:00
114,114,Planet Cube: Edge,/app/791200/,Action (1),"Action (1), Adventure (25), Indie (23)",Firestoke,Sunna Entertainment,"Engine.Unity, SDK.EpicOnlineServices, SDK.FMOD, SDK.SteamworksNET, SDK.UnityURP, SDK.cURL",4 February 2023 ‚Äì 09:30:07 UTC (2 months ago) (1675503007),97,0,3,14,2023-02-23T15:00:17+00:00
115,115,The Pale Beyond,/app/1266030/,Indie (23),"Adventure (25), Indie (23), RPG (3), Simulation (28), Strategy (2)",Fellow Traveller,Bellular Studios,"Engine.Unity, SDK.FMOD, SDK.SteamworksNET, SDK.UnityBurst, SDK.cURL",24 February 2023 ‚Äì 15:33:38 UTC (2 months ago) (1677252818),91,27,32,738,2023-02-25T21:05:04+00:00
116,116,Kujlevka,/app/1365720/,Adventure (25),Adventure (25),Crytivo,Callback,"Engine.Unreal, SDK.EpicOnlineServices, SDK.Intel_OID, SDK.NVIDIA_APEX, SDK.NVIDIA_Nsight_Aftermath, SDK.NVIDIA_PhysX, SDK.Vorbis, SDK.XAudio2",6 April 2023 ‚Äì 14:16:03 UTC (9 days ago) (1680790563),98,16,28,73,2023-04-08T18:00:12+00:00
117,117,vivid/stasis,/app/2093940/,Indie (23),"Indie (23), Early Access (70)",Hajimeli,Team Vividstasis,Engine.GameMaker,22 February 2023 ‚Äì 02:23:06 UTC (2 months ago) (1677032586),97,13,26,53,2023-03-08T00:30:10+00:00
118,118,Aces and Adventures,/app/1815570/,RPG (3),"Adventure (25), RPG (3), Strategy (2)",Yogscast Games,Triple.B.Titles,"Engine.Unity, SDK.NVIDIA_DLSS, SDK.UnityBurst, SDK.UnityHDRP, SDK.cURL",23 February 2023 ‚Äì 13:44:48 UTC (2 months ago) (1677159888),91,103,112,"2,455",2023-02-28T14:25:04+00:00
119,119,Tower Tactics: Liberation,/app/1709900/,Strategy (2),"Indie (23), Strategy (2)",AsraWorks,AsraWorks,Engine.Godot,6 February 2023 ‚Äì 23:05:40 UTC (2 months ago) (1675724740),91,77,85,808,2023-02-12T14:15:03+00:00
120,120,‰∏ÄËµ∑ÂáªÁ¢éÂêß,/app/2354650/,Casual (4),"Casual (4), Free to Play (37), Racing (9), RPG (3), Strategy (2), Early Access (70)",JS-game,JS-game,SDK.CEF,11 March 2023 ‚Äì 02:27:50 UTC (last month) (1678501670),100,0,7,28,2023-04-09T11:40:12+00:00
121,121,Time Wasters,/app/1290330/,Action (1),"Action (1), Casual (4), Indie (23), RPG (3), Early Access (70)",Proton Studio,Proton Studio,"Engine.Unity, SDK.UnityBurst",6 April 2023 ‚Äì 21:01:45 UTC (9 days ago) (1680814905),91,280,296,934,2023-03-12T19:05:04+00:00
122,122,Kandria,/app/1261430/,Action (1),"Action (1), Adventure (25), Indie (23), RPG (3)",Shirakumo Games,Shirakumo Games,"SDK.OpenSSL, SDK.Vorbis",15 February 2023 ‚Äì 16:15:08 UTC (2 months ago) (1676477708),96,1,2,26,2023-01-12T19:40:12+00:00
123,123,Juno: New Origins,/app/870200/,Simulation (28),"Indie (23), Simulation (28)","Jundroo, LLC","Jundroo, LLC","Engine.Unity, SDK.SteamworksNET, SDK.UnityBurst, SDK.cURL",25 January 2023 ‚Äì 21:45:15 UTC (3 months ago) (1674683115),89,128,134,780,2023-01-29T20:35:04+00:00
124,124,Hell Of An Office,/app/1640890/,Action (1),"Action (1), Indie (23), Early Access (70)",Joystick Ventures,43 Studios,"Engine.Unreal, SDK.FMOD, SDK.NVIDIA_APEX, SDK.NVIDIA_Nsight_Aftermath, SDK.NVIDIA_PhysX, SDK.Vorbis, SDK.XAudio2",17 March 2023 ‚Äì 15:38:27 UTC (29 days ago) (1679067507),98,1,4,26,2023-03-14T18:00:11+00:00
125,125,Confabulation,/app/2246400/,Indie (23),"Adventure (25), Casual (4), Indie (23)",Authogin,Authogin,"Engine.Unity, SDK.UnityBurst, SDK.UnityHDRP, SDK.cURL",30 December 2022 ‚Äì 08:55:58 UTC (4 months ago) (1672390558),100,0,4,13,2023-02-19T02:50:17+00:00
126,126,"Good Pizza, Great Pizza",/app/770810/,Simulation (28),"Casual (4), Indie (23), Simulation (28)",TapBlaze,TapBlaze,"Engine.Cocos, SDK.Discord, SDK.OpenAL, SDK.Vorbis, SDK.cURL",3 April 2023 ‚Äì 23:15:15 UTC (12 days ago) (1680563715),89,80,80,145,2023-02-12T20:00:08+00:00
127,127,Lords of Infinity,/app/2169120/,Indie (23),"Casual (4), Indie (23), RPG (3)",Hosted Games,Hosted Games,Container.Electron,7 December 2022 ‚Äì 03:36:10 UTC (4 months ago) (1670384170),96,8,15,270,2023-03-02T19:30:07+00:00
128,128,Apex Point,/app/2102520/,Simulation (28),"Indie (23), Racing (9), Simulation (28), Early Access (70)",Apex Studio,Apex Studio,"Engine.Unity, SDK.FMOD, SDK.NVIDIA_DLSS, SDK.SteamworksNET, SDK.UnityBurst, SDK.UnityHDRP, SDK.cURL",19 March 2023 ‚Äì 22:25:22 UTC (27 days ago) (1679264722),91,84,105,385,2023-03-19T19:30:07+00:00
129,129,Looking Up I See Only A Ceiling,/app/1742930/,Adventure (25),"Adventure (25), Indie (23)",silver978,silver978,Engine.Godot,8 April 2023 ‚Äì 19:46:18 UTC (7 days ago) (1680983178),95,1,5,12,2023-03-09T15:00:15+00:00
130,130,Magic Tower & Maidens,/app/2090950/,Casual (4),Casual (4),The Magic Tower Girl Studio,The Magic Tower Girl Studio,"Engine.Unity, SDK.SteamworksNET, SDK.cURL",3 March 2023 ‚Äì 09:48:37 UTC (last month) (1677836917),96,0,2,61,2023-02-27T13:30:10+00:00
131,131,Robolife2-Nova Duty,/app/1777390/,Simulation (28),Simulation (28),Critical Bliss,Barance Studio,"Engine.Unity, SDK.UnityURP, SDK.cURL",16 March 2023 ‚Äì 07:03:58 UTC (last month) (1678950238),93,118,118,892,2023-03-11T15:40:04+00:00
132,132,Revenant,/app/2317510/,Action (1),"Action (1), Free to Play (37), Indie (23)",Mayfly,Mayfly,"Engine.Unity, SDK.FMOD, SDK.UnityBurst, SDK.UnityURP, SDK.cURL",21 March 2023 ‚Äì 02:05:13 UTC (26 days ago) (1679364313),98,4,10,20,2023-03-30T12:50:12+00:00
133,133,Crafty Survivors,/app/2137760/,Action (1),"Action (1), Early Access (70)",Flannel Bear Games,Flannel Bear Games,"Engine.Unity, SDK.FMOD, SDK.SteamworksNET, SDK.UnityBurst, SDK.UnityURP, SDK.cURL",15 March 2023 ‚Äì 14:49:28 UTC (last month) (1678891768),93,45,55,374,2023-03-25T15:10:36+00:00
134,134,Emberfate: Tempest of Elements,/app/2164490/,Indie (23),Indie (23),Wind Chimes Games Limited,Wind Chimes Games Limited,Engine.RenPy,26 December 2022 ‚Äì 13:44:08 UTC (4 months ago) (1672062248),100,1,3,21,2023-01-29T22:30:14+00:00
135,135,DIG - Deep In Galaxies,/app/1442840/,Indie (23),"Action (1), Adventure (25), Indie (23)",üöÄ Raiser Games,Molton Studio,Engine.GameMaker,14 April 2023 ‚Äì 13:04:13 UTC (yesterday) (1681477453),98,5,11,40,2023-03-20T18:00:14+00:00
136,136,ËàáÁ∂ìÁ¥Ä‰∫∫ÊàÄÊÑõÊòØÁµïÂ∞çÁ¶ÅÊ≠¢2,/app/2053940/,Simulation (28),"Casual (4), Indie (23), RPG (3), Simulation (28)",Mango Party,Ê®πÊá∂Âè´Â∑•‰ΩúÂÆ§,"Engine.RPGMaker, SDK.Greenworks, SDK.NWJS, SDK.NodeJS",14 March 2023 ‚Äì 08:06:41 UTC (last month) (1678781201),93,81,81,518,2023-03-13T15:40:05+00:00
137,137,It Comes In Waves,/app/2342980/,Adventure (25),"Action (1), Adventure (25)",Merlino Games,Antonio Freyre,,29 March 2023 ‚Äì 18:00:13 UTC (17 days ago) (1680112813),97,1,3,19,2023-04-05T20:10:15+00:00
138,138,Weird and Unfortunate Things Are Happening,/app/2274410/,RPG (3),"Free to Play (37), Indie (23), RPG (3)",Sapphire Dream Games,Sapphire Dream Games,Engine.RPGMaker,10 March 2023 ‚Äì 05:00:49 UTC (last month) (1678424449),100,2,7,29,2023-02-18T00:50:09+00:00
139,139,EVERSPACE‚Ñ¢ 2,/app/1128920/,Action (1),"Action (1), Adventure (25), RPG (3), Simulation (28)",ROCKFISH Games,ROCKFISH Games,"Engine.Unreal, SDK.Intel_OID, SDK.NVIDIA_APEX, SDK.NVIDIA_Ansel, SDK.NVIDIA_DLSS, SDK.NVIDIA_GeForce_Now, SDK.NVIDIA_Nsight_Aftermath, SDK.NVIDIA_PhysX, SDK.Vorbis, SDK.XAudio2",6 April 2023 ‚Äì 14:26:57 UTC (9 days ago) (1680791217),87,"7,670","7,720","9,760",2023-04-09T20:00:03+00:00
140,140,SHUFFLE! Episode 2 ~Kami ni mo Akuma ni mo Nerawareteiru Otoko~,/app/2321180/,Adventure (25),"Adventure (25), Casual (4)",HIKARI FIELD,Navel,,10 March 2023 ‚Äì 09:50:30 UTC (last month) (1678441830),96,13,13,89,2023-03-11T15:00:10+00:00
141,141,Handyman Legend,/app/2127010/,Indie (23),"Casual (4), Indie (23), RPG (3), Simulation (28)",SupaShinKen Studio,SupaShinKen Studio,"Engine.Unity, SDK.SteamworksNET, SDK.cURL",3 March 2023 ‚Äì 16:54:09 UTC (last month) (1677862449),91,117,117,"1,002",2023-03-10T17:00:04+00:00
142,142,ËßÖÂÖâÔºöÁ¨¨‰∏ÄÁ´† - Seeking Light : Chapter 1,/app/2305480/,RPG (3),"Casual (4), Free to Play (37), Indie (23), RPG (3), Simulation (28)",Eternal Dream,ËéìËéìÂä®Áâ©Âõ≠,"SDK.Greenworks, SDK.NWJS, SDK.NodeJS",23 March 2023 ‚Äì 02:41:04 UTC (24 days ago) (1679539264),100,5,13,28,2023-03-29T12:50:13+00:00
143,143,Postmouse,/app/2273550/,Adventure (25),"Adventure (25), Free to Play (37), Indie (23)",The Animation Workshop,Critters Collective,"Engine.Unreal, SDK.FMOD, SDK.NVIDIA_APEX, SDK.NVIDIA_Nsight_Aftermath, SDK.NVIDIA_PhysX, SDK.Vorbis, SDK.XAudio2",13 January 2023 ‚Äì 20:21:44 UTC (3 months ago) (1673641304),91,16,25,123,2023-02-12T14:30:07+00:00
144,144,Horny Warp,/app/1539160/,Adventure (25),"Adventure (25), Casual (4)",IlluminatiGames,IlluminatiGames,"Engine.Unity, SDK.cURL",9 February 2023 ‚Äì 18:58:03 UTC (2 months ago) (1675969083),93,10,19,218,2023-02-18T06:40:06+00:00
145,145,Corsair`s Madness Prologue: Jungle`s Island,/app/2190570/,Action (1),"Action (1), Adventure (25), Indie (23)",ManyDev Studio,Old Prawn,Engine.GameMaker,11 April 2023 ‚Äì 11:36:14 UTC (4 days ago) (1681212974),98,0,1,46,2023-02-03T17:00:11+00:00
146,146,Backfirewall_,/app/1920100/,Adventure (25),"Adventure (25), Casual (4), Indie (23)",All in! Games,Naraven Games,"Engine.Unity, SDK.FMOD, SDK.UnityURP, SDK.cURL",30 January 2023 ‚Äì 13:46:02 UTC (3 months ago) (1675086362),94,2,4,86,2023-01-31T20:50:08+00:00
147,147,Troublemaker,/app/1498740/,Indie (23),"Action (1), Adventure (25), Indie (23)",Freedom Games,Gamecom Team,,31 March 2023 ‚Äì 12:03:12 UTC (15 days ago) (1680264192),90,43,54,374,2023-04-01T15:10:06+00:00
148,148,Zup! Q,/app/2206560/,Casual (4),"Casual (4), Indie (23)",Quiet River,Quiet River,,26 January 2023 ‚Äì 17:05:37 UTC (3 months ago) (1674752737),98,0,4,33,2023-03-08T15:20:11+00:00
149,149,Witch's Garden,/app/2347380/,Adventure (25),"Adventure (25), Casual (4)",HIKARI FIELD,Windmill Oasis,,17 March 2023 ‚Äì 19:34:10 UTC (29 days ago) (1679081650),98,79,87,117,2023-04-09T14:20:08+00:00
150,150,Drawing From Memory,/app/2225530/,Casual (4),"Casual (4), Indie (23)",Lekker spelen,Lekker spelen,"Engine.Unity, SDK.UnityBurst, SDK.UnityURP, SDK.cURL",9 February 2023 ‚Äì 03:36:25 UTC (2 months ago) (1675913785),94,0,13,134,2023-02-08T20:40:09+00:00
151,151,FATAL FRAME / PROJECT ZERO: Mask of the Lunar Eclipse,/app/2130460/,Adventure (25),Adventure (25),"KOEI TECMO GAMES CO., LTD.","KOEI TECMO GAMES CO., LTD.",,6 March 2023 ‚Äì 05:13:39 UTC (last month) (1678079619),90,90,118,"1,372",2023-03-09T13:35:04+00:00
152,152,Temple Of Snek,/app/1208590/,Action (1),"Action (1), Adventure (25), Indie (23)",Pixeljam,Aetheric Games,"Engine.Unreal, SDK.CEF, SDK.Intel_OID, SDK.NVIDIA_Nsight_Aftermath, SDK.Vorbis, SDK.XAudio2",14 February 2023 ‚Äì 17:14:03 UTC (2 months ago) (1676394843),95,0,1,21,2021-08-18T15:40:11+00:00
153,153,ÊàëÂú®ÁªàÁÇπÁ∫øÁ≠â‰Ω†,/app/2215290/,RPG (3),"Adventure (25), Casual (4), Indie (23), RPG (3)",DreaMory,DreaMory,"Engine.Unity, SDK.SteamworksNET",1 January 2023 ‚Äì 07:04:53 UTC (3 months ago) (1672556693),98,0,3,22,2023-03-24T13:50:16+00:00
154,154,‰∏äÂè§‰º†ËØ¥,/app/2321080/,Action (1),"Action (1), Free to Play (37), RPG (3)",‰∏äÂè§‰º†ËØ¥,‰∏äÂè§‰º†ËØ¥,SDK.CEF,8 March 2023 ‚Äì 04:11:25 UTC (last month) (1678248685),92,55,72,126,2023-04-09T04:40:08+00:00
155,155,9 Childs Street,/app/1895890/,Indie (23),Indie (23),N4bA,N4bA,"Engine.Unity, SDK.Steam_Audio, SDK.UnityHDRP, SDK.UnityURP, SDK.cURL",29 January 2023 ‚Äì 07:48:16 UTC (3 months ago) (1674978496),92,9,17,30,2023-02-20T19:30:13+00:00
156,156,KOP KILLER 22XX,/app/2217680/,Early Access (70),"Action (1), Indie (23), Early Access (70)",Morningstar Game Studio,Morningstar Game Studio,"Engine.Unity, SDK.SteamworksNET, SDK.UnityBurst, SDK.cURL",7 March 2023 ‚Äì 17:39:20 UTC (last month) (1678210760),100,0,1,6,2023-03-09T01:50:15+00:00
157,157,Souls of White Star,/app/1772050/,Indie (23),"Adventure (25), Indie (23), RPG (3), Strategy (2), Early Access (70)",IndieArk,Souls of Star Game Lab.,"Engine.Unity, SDK.SteamworksNET, SDK.Wwise",3 April 2023 ‚Äì 21:57:59 UTC (12 days ago) (1680559079),97,20,33,86,2023-04-05T14:10:07+00:00
158,158,Organs Please,/app/1593780/,Strategy (2),"Indie (23), RPG (3), Simulation (28), Strategy (2)",HeroCraft PC,TECHHOME,"Engine.Unity, SDK.FMOD, SDK.SteamworksNET, SDK.UnityBurst, SDK.UnityURP, SDK.cURL",5 April 2023 ‚Äì 15:58:35 UTC (10 days ago) (1680710315),93,10,18,62,2022-11-17T19:50:08+00:00
159,159,Selene ~Apoptosis~,/app/1398210/,Adventure (25),Adventure (25),Nupu Neko Dev,Viscum key,Engine.RenPy,19 February 2023 ‚Äì 16:10:13 UTC (2 months ago) (1676823013),88,63,83,704,2023-02-19T13:05:04+00:00
160,160,Ash of Gods: The Way Prologue,/app/2304670/,Strategy (2),"Indie (23), Strategy (2)",AurumDust,AurumDust,"Engine.Unity, SDK.FMOD",9 March 2023 ‚Äì 12:20:33 UTC (last month) (1678364433),92,5,8,747,2023-03-09T21:05:05+00:00
161,161,Zero-G Gunfight,/app/1312060/,Indie (23),Indie (23),First Peoples Digital,Devil's Cider Games,Engine.Unity,14 March 2023 ‚Äì 18:18:03 UTC (last month) (1678817883),100,1,1,6,2023-03-16T01:40:17+00:00
162,162,In Sink: A Co-Op Escape Prologue,/app/2289970/,Casual (4),"Casual (4), Free to Play (37), Strategy (2)",Clock Out Games,Clock Out Games,"Engine.Unity, SDK.SteamworksNET, SDK.UnityURP, SDK.cURL",25 February 2023 ‚Äì 19:51:00 UTC (2 months ago) (1677354660),89,219,411,"1,323",2023-02-28T13:50:04+00:00
163,163,Tower Escape,/app/2009860/,Indie (23),"Casual (4), Indie (23), Strategy (2)",Final Screw,Final Screw,"Engine.Unity, SDK.SteamworksNET, SDK.UnityBurst, SDK.UnityURP, SDK.cURL",15 March 2023 ‚Äì 17:58:01 UTC (last month) (1678903081),92,37,56,283,2023-02-19T20:00:05+00:00
164,164,ITRP _ Aero Star,/app/2180150/,Action (1),"Action (1), Indie (23), Racing (9)",Unhexigion,Unhexigion,,24 March 2023 ‚Äì 09:13:03 UTC (22 days ago) (1679649183),97,0,1,91,2023-03-09T18:10:08+00:00
165,165,Aery - Calm Mind 3,/app/2154400/,Casual (4),"Casual (4), Indie (23), Simulation (28)",EpiXR Games UG,EpiXR Games UG,,14 September 2022 ‚Äì 06:13:52 UTC (7 months ago) (1663136032),100,0,0,5,2023-04-01T14:30:23+00:00
166,166,Fateweaver: The Alchemist's Quandary,/app/2231900/,RPG (3),"Adventure (25), Casual (4), Indie (23), RPG (3), Simulation (28)",Randumb Studios,Randumb Studios,"Engine.RPGMaker, SDK.NWJS, SDK.NodeJS",16 December 2022 ‚Äì 12:17:16 UTC (4 months ago) (1671193036),100,0,2,8,2023-02-27T19:10:17+00:00
167,167,Tanky Tanks 2,/app/2241980/,Action (1),"Action (1), Casual (4), Indie (23)",EpiXR Games UG,EpiXR Games UG,,31 December 2022 ‚Äì 02:11:25 UTC (4 months ago) (1672452685),100,0,0,6,2023-03-21T15:30:19+00:00
168,168,Girl & Gem Magic,/app/2122070/,Casual (4),"Casual (4), Indie (23), Strategy (2)",Twilight Sonata Studio,Twilight Sonata Studio,"Engine.Unity, SDK.SteamworksNET",31 March 2023 ‚Äì 09:50:41 UTC (15 days ago) (1680256241),92,1,4,85,2023-03-31T06:00:09+00:00
169,169,Battle Ram,/app/1262060/,Indie (23),"Action (1), Adventure (25), Indie (23), Simulation (28), Sports (18)",khukhrovr,Anatoliy Loginovskikh,,10 February 2023 ‚Äì 15:48:06 UTC (2 months ago) (1676044086),89,7,15,"4,403",2023-02-12T14:35:04+00:00
170,170,Relic Dudes,/app/2116260/,Action (1),"Action (1), Early Access (70)",Sad Socket,Achenar Studios,"Engine.Unity, SDK.SteamworksNET, SDK.UnityBurst, SDK.UnityURP, SDK.cURL",2 February 2023 ‚Äì 00:56:12 UTC (2 months ago) (1675299372),93,3,4,86,2023-02-03T22:50:08+00:00
171,171,Let's Pet Pets,/app/2254600/,Casual (4),"Casual (4), Indie (23), Simulation (28), Early Access (70)",Mathew Kelly,Mathew Kelly,"Engine.Unity, SDK.SteamworksNET, SDK.cURL",1 February 2023 ‚Äì 18:35:36 UTC (2 months ago) (1675276536),98,0,4,12,2023-02-02T16:20:19+00:00
172,172,Final Profit: A Shop RPG,/app/1705140/,Indie (23),"Adventure (25), Indie (23), RPG (3), Simulation (28), Strategy (2)",Brent Arnold,Brent Arnold,"Engine.RPGMaker, SDK.Greenworks, SDK.NWJS, SDK.NodeJS",11 March 2023 ‚Äì 14:12:43 UTC (last month) (1678543963),97,11,22,34,2023-03-26T01:00:12+00:00
173,173,The Farmer Was Replaced,/app/2060160/,Simulation (28),"Casual (4), Indie (23), Simulation (28), Strategy (2), Early Access (70)",Timon Herzog,Timon Herzog,"Engine.Unity, SDK.UnityBurst, SDK.UnityURP, SDK.cURL",18 September 2022 ‚Äì 09:13:48 UTC (7 months ago) (1663492428),100,8,13,23,2023-02-20T21:40:14+00:00
174,174,ARK and ADE,/app/1599000/,Action (1),"Action (1), Indie (23)",Beyond Frames,Castello Inc,"Engine.Unreal, SDK.CEF, SDK.Intel_OID, SDK.NVIDIA_APEX, SDK.NVIDIA_GeForce_Now, SDK.NVIDIA_Nsight_Aftermath, SDK.NVIDIA_PhysX, SDK.OculusXRPlugin, SDK.OpenVR, SDK.Vorbis, SDK.Wwise, SDK.XAudio2, SDK.iZotope",2 March 2023 ‚Äì 12:14:57 UTC (last month) (1677759297),97,0,1,13,2021-10-26T17:00:09+00:00
175,175,Aery VR - A Journey Beyond Time,/app/2173650/,Simulation (28),"Casual (4), Indie (23), Simulation (28)",EpiXR Games UG,EpiXR Games UG,,22 November 2022 ‚Äì 09:38:13 UTC (5 months ago) (1669109893),96,0,0,4,2023-03-27T15:40:29+00:00
176,176,Gone Rogue,/app/1803600/,Adventure (25),"Action (1), Adventure (25), Indie (23), RPG (3)",AskaLot Games,AskaLot Games,"Engine.Unity, SDK.SteamworksNET, SDK.UnityBurst",17 February 2023 ‚Äì 08:26:12 UTC (2 months ago) (1676622372),96,13,15,59,2023-03-12T22:00:10+00:00
177,177,Nebula,/app/2101250/,Action (1),"Action (1), Indie (23)",JuTek Pixel,JuTek Pixel,Engine.Unity,13 January 2023 ‚Äì 15:08:12 UTC (3 months ago) (1673622492),95,2,6,67,2023-02-02T19:00:09+00:00
178,178,The Space-Eating Croc,/app/2020090/,Indie (23),"Adventure (25), Casual (4), Indie (23)",PsychoFlux Entertainment,Chalkseagull,Engine.RPGMaker,4 March 2023 ‚Äì 11:16:53 UTC (last month) (1677928613),98,0,3,12,2022-10-28T11:50:16+00:00
179,179,Super Cakeboy,/app/2319580/,Action (1),"Action (1), Free to Play (37), Indie (23)",Suits & Sandals,Suits &amp; Sandals,"Engine.GameMaker, SDK.OpenAL",22 February 2023 ‚Äì 04:01:45 UTC (2 months ago) (1677038505),100,2,4,23,2023-03-26T12:30:16+00:00
180,180,‰∏úÊñπÈõ™Ëé≤Âçé ÔΩû Abyss Soul Lotus.,/app/1000440/,Indie (23),"Action (1), Indie (23)",Èõ®Â§úÊû´Èõ™Âà∂‰ΩúÁªÑ,Èõ®Â§úÊû´Èõ™Âà∂‰ΩúÁªÑ,"Engine.Unity, SDK.SteamworksNET, SDK.cURL",27 January 2023 ‚Äì 03:34:00 UTC (3 months ago) (1674790440),91,6,11,290,2023-02-03T14:10:07+00:00
181,181,Crush the Industry,/app/1098610/,Strategy (2),"Indie (23), RPG (3), Simulation (28), Strategy (2), Early Access (70)",Cognoggin Games,Cognoggin Games,"Engine.Unity, SDK.SteamworksNET, SDK.cURL",19 January 2023 ‚Äì 06:50:09 UTC (3 months ago) (1674111009),97,18,29,112,2023-04-01T00:40:08+00:00
182,182,Robo Maestro,/app/1808490/,Indie (23),Indie (23),Joost van Dongen,Joost van Dongen,"Engine.Unreal, SDK.NVIDIA_APEX, SDK.NVIDIA_Nsight_Aftermath, SDK.NVIDIA_PhysX, SDK.Vorbis, SDK.XAudio2",5 November 2021 ‚Äì 08:58:04 UTC (2 years ago) (1636102684),98,1,2,12,2023-01-22T15:40:17+00:00
183,183,Powerful Courses,/app/2092330/,Simulation (28),"Casual (4), Indie (23), RPG (3), Simulation (28), Sports (18), Strategy (2)",General Script Studio,Serhii Khramov,SDK.OpenAL,6 March 2023 ‚Äì 17:15:41 UTC (last month) (1678122941),100,0,0,7,2023-03-10T13:50:19+00:00
184,184,Cataclysm: Dark Days Ahead,/app/2330750/,RPG (3),"Adventure (25), RPG (3)",KorGgenT,CleverRaven,,10 April 2023 ‚Äì 16:53:00 UTC (5 days ago) (1681145580),94,104,109,114,2023-04-09T17:40:07+00:00
185,185,WooLoop,/app/1878910/,Casual (4),"Casual (4), Indie (23), Simulation (28)",ToastieLabs,ToastieLabs,"Engine.Unity, SDK.Discord, SDK.SteamworksNET, SDK.UnityURP, SDK.cURL",16 January 2023 ‚Äì 14:53:44 UTC (3 months ago) (1673880824),89,56,64,404,2023-01-21T20:10:06+00:00
186,186,8-Bit Adventures 2,/app/733110/,RPG (3),"Adventure (25), Indie (23), RPG (3)",Critical Games,Critical Games,"Engine.RPGMaker, SDK.Greenworks, SDK.NWJS, SDK.NodeJS",23 December 2022 ‚Äì 01:22:12 UTC (4 months ago) (1671758532),95,1,4,64,2023-02-04T20:50:10+00:00
187,187,POOSTALL Royale,/app/2362740/,Free to Play (37),"Action (1), Free to Play (37)",Running With Scissors,RWS C Team,"Engine.Unreal, SDK.Intel_OID, SDK.NVIDIA_Nsight_Aftermath, SDK.Vorbis, SDK.XAudio2",2 April 2023 ‚Äì 16:39:34 UTC (13 days ago) (1680453574),89,1,6,164,2023-04-03T19:20:19+00:00
188,188,Deceive Inc.,/app/820520/,Action (1),"Action (1), Indie (23), Strategy (2)",Tripwire Presents,Sweet Bandits Studios,"AntiCheat.EasyAntiCheat, Engine.Unreal, SDK.EpicOnlineServices, SDK.Intel_OID, SDK.Intel_XeSS, SDK.NVIDIA_APEX, SDK.NVIDIA_DLSS, SDK.NVIDIA_GeForce_Now, SDK.NVIDIA_Nsight_Aftermath, SDK.NVIDIA_PhysX, SDK.Vorbis, SDK.Wwise, SDK.XAudio2",31 March 2023 ‚Äì 23:25:48 UTC (15 days ago) (1680305148),87,"1,351","1,857","2,310",2023-04-09T20:20:04+00:00
189,189,Waves of Steel,/app/1482750/,Indie (23),"Action (1), Indie (23), Simulation (28)",TMA Games LLC,TMA Games LLC,Engine.Unity,5 February 2023 ‚Äì 20:40:00 UTC (2 months ago) (1675629600),91,4,10,112,2023-02-12T01:10:07+00:00
190,190,Methods: The Canada Files,/app/2063530/,Indie (23),"Indie (23), Early Access (70)",LockedOn Games,LockedOn Games,Engine.RenPy,19 February 2023 ‚Äì 15:34:33 UTC (2 months ago) (1676820873),98,0,1,19,2023-02-02T07:20:11+00:00
191,191,Brave Soldier - Invasion of Cyborgs,/app/2287760/,Indie (23),"Action (1), Adventure (25), Indie (23)",JM Neto Game Dev,JM Neto Game Dev,"SDK.NWJS, SDK.NodeJS",25 January 2023 ‚Äì 21:38:09 UTC (3 months ago) (1674682689),100,0,1,6,2023-02-03T17:40:21+00:00
192,192,Breakers Collection,/app/1786230/,Action (1),"Action (1), Casual (4)",QUByte Interactive,QUByte Interactive,Engine.Unity,11 January 2023 ‚Äì 18:48:40 UTC (3 months ago) (1673462920),97,0,10,78,2023-01-12T14:00:07+00:00
193,193,Loretta,/app/1592540/,Adventure (25),"Adventure (25), Casual (4), Indie (23)",DANGEN Entertainment,Yakov Butuzoff,Engine.GameMaker,16 February 2023 ‚Äì 08:04:07 UTC (2 months ago) (1676534647),93,8,9,48,2023-04-01T14:30:11+00:00
194,194,Evacuation,/app/2224920/,Action (1),"Action (1), Adventure (25), Free to Play (37)",SMRC,Evac Dev. Team,"Engine.Source, SDK.Bink_Video, SDK.CEF, SDK.Miles_Sound_System, SDK.SDL",29 November 2022 ‚Äì 07:40:35 UTC (5 months ago) (1669707635),89,9,10,119,2023-01-07T14:30:08+00:00
195,195,Unbreakable Vr Runner,/app/494310/,Indie (23),"Action (1), Adventure (25), Indie (23), Sports (18)",Miikka √Ösnabrygg,Miikka √Ösnabrygg,"Engine.Unity, SDK.OpenVR, SDK.Vorbis",13 August 2020 ‚Äì 17:24:23 UTC (3 years ago) (1597339463),98,0,1,5,2016-07-04T21:31:47+00:00
196,196,Terraformers,/app/1244800/,Strategy (2),Strategy (2),Goblinz Publishing,Asteroid Lab,"Engine.Unity, SDK.SteamworksNET, SDK.UnityBurst, SDK.cURL",9 March 2023 ‚Äì 16:31:41 UTC (last month) (1678379501),88,420,421,"1,853",2023-03-12T15:20:05+00:00
197,197,Vengeful Guardian: Moonrider,/app/1942010/,Action (1),"Action (1), Indie (23)",The Arcade Crew,JoyMasher,SDK.Greenworks,12 January 2023 ‚Äì 15:33:51 UTC (3 months ago) (1673537631),91,1,5,103,2023-01-12T22:30:09+00:00
198,198,Ê±üÂüéÂàõ‰∏öËÆ∞,/app/2281410/,Early Access (70),"Indie (23), RPG (3), Simulation (28), Early Access (70)",BD Games,iFAction Studio,SDK.SteamworksNET,30 March 2023 ‚Äì 12:30:29 UTC (16 days ago) (1680179429),91,578,671,"1,126",2023-04-05T13:45:04+00:00
199,199,LOUD,/app/1838290/,Action (1),"Action (1), Casual (4)",Hyperstrange,Hyperstrange,"Engine.Unity, SDK.FMOD, SDK.UnityBurst",11 April 2023 ‚Äì 17:15:06 UTC (4 days ago) (1681233306),95,5,11,28,2023-04-12T02:50:11+00:00
200,200,Girl Fantasy,/app/2203030/,Casual (4),"Casual (4), Indie (23), RPG (3)",Muli Game,Muli Game,Engine.Unity,20 February 2023 ‚Äì 02:39:03 UTC (2 months ago) (1676860743),90,1,5,170,2023-02-10T14:50:06+00:00
201,201,Atomic Heart,/app/668580/,RPG (3),"Action (1), Adventure (25), RPG (3)",Focus Entertainment,Mundfish,"Engine.Unreal, SDK.NVIDIA_APEX, SDK.NVIDIA_DLSS, SDK.NVIDIA_GeForce_Now, SDK.NVIDIA_Nsight_Aftermath, SDK.NVIDIA_PhysX, SDK.Vorbis, SDK.Wwise, SDK.XAudio2",21 February 2023 ‚Äì 13:37:41 UTC (2 months ago) (1676986661),85,"2,006","2,147","38,469",2023-02-21T14:20:05+00:00
202,202,Pocky & Rocky Reshrined,/app/2200580/,Action (1),Action (1),NatsumeAtari,NatsumeAtari,Engine.Unity,27 January 2023 ‚Äì 07:08:26 UTC (3 months ago) (1674803306),97,0,5,34,2023-02-25T03:00:12+00:00
203,203,Elle: Portal,/app/2262970/,Indie (23),"Action (1), Adventure (25), Casual (4), Free to Play (37), Indie (23)",L. Stotch,L. Stotch,"SDK.Greenworks, SDK.NWJS, SDK.NodeJS",1 February 2023 ‚Äì 17:02:17 UTC (2 months ago) (1675270937),94,3,8,46,2023-02-19T15:20:10+00:00
204,204,STRANGER OF PARADISE FINAL FANTASY ORIGIN,/app/1358700/,Action (1),"Action (1), Adventure (25), RPG (3)",Square Enix,Square Enix,"SDK.AMD_GPU_Services, SDK.NVIDIA_DLSS",3 April 2023 ‚Äì 09:03:23 UTC (12 days ago) (1680512603),88,"2,259","2,299","2,544",2023-04-09T14:15:04+00:00
205,205,Garden in!,/app/1953860/,Casual (4),"Casual (4), Indie (23)",Bonus Stage Publishing,Dramatic Iceberg,"Engine.Unreal, SDK.CEF, SDK.FMOD, SDK.Intel_OID, SDK.NVIDIA_APEX, SDK.NVIDIA_GeForce_Now, SDK.NVIDIA_Nsight_Aftermath, SDK.NVIDIA_PhysX, SDK.OpenXR, SDK.Vorbis, SDK.XAudio2",25 January 2023 ‚Äì 18:02:24 UTC (3 months ago) (1674669744),93,10,12,63,2023-01-26T17:10:10+00:00
206,206,Fears to Fathom - Episode 3,/app/2120900/,Indie (23),"Adventure (25), Casual (4), Indie (23)",Rayll,Rayll,"Engine.Unity, SDK.UnityBurst, SDK.cURL",4 December 2022 ‚Äì 12:54:42 UTC (4 months ago) (1670158482),89,18,21,383,2023-01-09T18:20:06+00:00
207,207,Tails: The Backbone Preludes,/app/2020030/,Indie (23),"Adventure (25), Indie (23)",Raw Fury,Eggnut,"Engine.Unreal, SDK.FMOD, SDK.Intel_OID, SDK.NVIDIA_Nsight_Aftermath, SDK.Vorbis, SDK.XAudio2",31 January 2023 ‚Äì 13:46:22 UTC (2 months ago) (1675172782),93,3,5,55,2023-02-02T19:50:11+00:00
208,208,Breakout 13,/app/2095300/,Adventure (25),"Adventure (25), Indie (23), RPG (3)",ALT Lab,ALT Lab,"SDK.NWJS, SDK.NodeJS",4 April 2023 ‚Äì 12:02:46 UTC (11 days ago) (1680609766),86,149,201,"11,996",2023-02-02T13:00:04+00:00
209,209,PARANOIA PLACE,/app/1592290/,Early Access (70),"Action (1), Adventure (25), Indie (23), Simulation (28), Early Access (70)",Bloody Pixel,Bloody Pixel,"Engine.Unity, SDK.SteamworksNET, SDK.cURL",3 April 2023 ‚Äì 22:23:07 UTC (12 days ago) (1680560587),92,17,28,68,2023-02-20T02:20:09+00:00
210,210,Half-Life 2: VR Mod - Episode Two,/app/2177760/,Action (1),"Action (1), Adventure (25)",Source VR Mod Team,Source VR Mod Team,"Engine.Source, SDK.Bink_Video, SDK.CEF, SDK.Miles_Sound_System, SDK.OpenVR, SDK.SDL, SDK.SteamworksNET",4 April 2023 ‚Äì 20:56:52 UTC (11 days ago) (1680641812),96,45,50,113,2023-04-07T18:20:08+00:00
211,211,Barbaria,/app/1984610/,Action (1),"Action (1), Indie (23), RPG (3), Strategy (2)","Stalwart Games, LLC","Stalwart Games, LLC","Engine.Unity, SDK.OculusXRPlugin, SDK.OpenVR, SDK.UnityBurst",16 March 2023 ‚Äì 00:26:53 UTC (last month) (1678926413),95,0,3,13,2023-02-19T21:10:16+00:00
212,212,Truxton,/app/2022880/,Action (1),Action (1),Bitwave Games,Bitwave Games,,24 March 2023 ‚Äì 16:30:38 UTC (22 days ago) (1679675438),97,1,4,30,2023-02-14T13:00:13+00:00
213,213,Slobbish Dragon Princess 3,/app/2225250/,Adventure (25),"Adventure (25), Casual (4), Indie (23)",Sekai Project,Whirlpool,,4 January 2023 ‚Äì 20:56:14 UTC (3 months ago) (1672865774),100,1,5,15,2023-03-15T15:00:12+00:00
214,214,Into The Flames,/app/1222300/,Simulation (28),"Action (1), Casual (4), Indie (23), Simulation (28)",PlayWay S.A.,Fully Involved Game Studios,"Engine.Unreal, SDK.Intel_OID, SDK.NVIDIA_APEX, SDK.NVIDIA_GeForce_Now, SDK.NVIDIA_Nsight_Aftermath, SDK.NVIDIA_PhysX, SDK.Vorbis, SDK.XAudio2",15 January 2023 ‚Äì 05:00:15 UTC (3 months ago) (1673758815),88,28,89,212,2023-01-11T03:20:07+00:00
215,215,Children of Silentown,/app/1108000/,Adventure (25),"Adventure (25), Indie (23)",Daedalic Entertainment,Elf Games,"Engine.Unity, SDK.SteamworksNET",11 January 2023 ‚Äì 15:47:30 UTC (3 months ago) (1673452050),90,20,20,285,2023-01-13T20:20:05+00:00
216,216,Have a Nice Death,/app/1740720/,Action (1),"Action (1), Indie (23)",Gearbox Publishing,Magic Design Studios,"Engine.Unity, SDK.Discord, SDK.FMOD, SDK.UnityURP, SDK.cURL",22 March 2023 ‚Äì 16:29:57 UTC (24 days ago) (1679502597),86,"1,202","1,244","2,510",2023-03-26T15:30:05+00:00
217,217,See You Later,/app/2234600/,Indie (23),"Casual (4), Indie (23), RPG (3)",ÁêâÁíÉËä±Á≥ñÂà∂‰ΩúÁªÑ,ÁêâÁíÉËä±Á≥ñÂà∂‰ΩúÁªÑ,Engine.RenPy,5 February 2023 ‚Äì 05:33:41 UTC (2 months ago) (1675575221),98,0,0,10,2023-02-14T13:40:15+00:00
218,218,Misericorde: Volume One,/app/1708110/,Indie (23),"Adventure (25), Casual (4), Indie (23)",XEECEE,XEECEE,Engine.RenPy,22 February 2023 ‚Äì 07:08:36 UTC (2 months ago) (1677049716),100,0,7,17,2023-03-25T03:30:18+00:00
219,219,Miniland Adventure: Prologue,/app/2152460/,Free to Play (37),"Action (1), Adventure (25), Casual (4), Free to Play (37), Indie (23), Simulation (28)",Gameparic,Imilkowski Dev,"Engine.Unity, SDK.UnityURP",13 April 2023 ‚Äì 13:14:29 UTC (2 days ago) (1681391669),90,21,29,525,2023-03-15T13:30:04+00:00
220,220,Future Radio,/app/2156620/,Adventure (25),Adventure (25),NekoNyan Ltd.,Laplacian,"Engine.Unity, SDK.UnityBurst",27 January 2023 ‚Äì 16:21:12 UTC (3 months ago) (1674836472),92,2,9,97,2023-02-18T12:50:08+00:00
221,221,Conjury Revell,/app/2142850/,Action (1),"Action (1), Free to Play (37)",SMU Guildhall,SMU Guildhall,"Engine.Unreal, SDK.Intel_OID, SDK.NVIDIA_APEX, SDK.NVIDIA_GeForce_Now, SDK.NVIDIA_Nsight_Aftermath, SDK.NVIDIA_PhysX, SDK.Vorbis, SDK.XAudio2",21 January 2023 ‚Äì 13:53:39 UTC (3 months ago) (1674309219),93,0,2,25,2023-02-11T18:20:15+00:00
222,222,Rising Front,/app/1560250/,Casual (4),"Action (1), Casual (4), Simulation (28), Strategy (2), Early Access (70)",Sandstorm Studios Inc.,Sandstorm Studios Inc.,"Engine.Unity, SDK.SteamworksNET, SDK.UnityBurst",14 February 2023 ‚Äì 23:28:13 UTC (2 months ago) (1676417293),88,36,51,663,2023-01-14T20:10:04+00:00
223,223,West Hunt,/app/1570330/,Casual (4),"Casual (4), Indie (23)",Wandering Wizard,NewGen,"Engine.Unity, SDK.Discord, SDK.Photon, SDK.UnityURP, SDK.cURL",22 March 2023 ‚Äì 16:05:17 UTC (24 days ago) (1679501117),88,78,123,449,2022-10-02T20:20:05+00:00
224,224,Zombie Admin,/app/1143860/,Action (1),"Action (1), Indie (23)",Hastily Assembled,Hastily Assembled,"Engine.Unity, SDK.UnityBurst",17 December 2022 ‚Äì 09:26:14 UTC (4 months ago) (1671269174),98,1,4,8,2023-01-15T19:30:20+00:00
225,225,My Girlfriend‚Äôs Special Place,/app/1961760/,Adventure (25),Adventure (25),Sekai Project,feng,"Engine.KiriKiri, SDK.Vorbis",8 March 2023 ‚Äì 21:58:40 UTC (last month) (1678312720),98,1,3,15,2023-03-14T15:20:16+00:00
226,226,A War of a Madman's Making,/app/1985710/,Indie (23),"Adventure (25), Indie (23), Early Access (70)",Witching Metal Prod.,Witching Metal Prod.,Engine.RenPy,15 January 2023 ‚Äì 03:28:37 UTC (3 months ago) (1673753317),97,0,1,10,2023-01-18T18:20:18+00:00
227,227,Helpless,/app/2290490/,Casual (4),"Adventure (25), Casual (4), Free to Play (37)",CNM,Bonne Journ√©e Studio,"Engine.Unreal, SDK.Intel_OID, SDK.NVIDIA_APEX, SDK.NVIDIA_GeForce_Now, SDK.NVIDIA_Nsight_Aftermath, SDK.NVIDIA_PhysX, SDK.Vorbis, SDK.Wwise, SDK.XAudio2, SDK.iZotope",3 March 2023 ‚Äì 01:57:23 UTC (last month) (1677808643),93,3,7,34,2023-03-13T14:10:13+00:00
228,228,Siege of Dungeon,/app/1972410/,Early Access (70),"Adventure (25), RPG (3), Strategy (2), Early Access (70)",firepillar2,Binary Tree Studio,"Engine.Unity, SDK.SteamworksNET, SDK.UnityBurst, SDK.cURL",16 January 2023 ‚Äì 15:32:52 UTC (3 months ago) (1673883172),91,12,24,95,2023-01-18T14:40:08+00:00
229,229,GunSuit Guardians,/app/2278830/,Action (1),"Action (1), Casual (4), Indie (23), RPG (3), Early Access (70)",Matt Glanville,Matt Glanville,"Engine.Unity, SDK.SteamworksNET, SDK.UnityBurst, SDK.cURL",31 March 2023 ‚Äì 15:36:31 UTC (15 days ago) (1680276991),97,25,37,85,2023-04-06T19:10:09+00:00
230,230,Diary of Lucie,/app/1454010/,Indie (23),"Action (1), Adventure (25), Indie (23), RPG (3), Strategy (2)",Parange Project,Parange Project,"Engine.RPGMaker, SDK.Greenworks, SDK.NWJS, SDK.NodeJS",1 March 2023 ‚Äì 08:50:38 UTC (2 months ago) (1677660638),90,22,35,156,2023-03-06T14:20:07+00:00
231,231,MINDHACK,/app/1727210/,Adventure (25),"Adventure (25), Indie (23), Early Access (70)",VODKAdemo?,VODKAdemo?,,13 April 2023 ‚Äì 08:06:06 UTC (2 days ago) (1681373166),98,36,42,195,2023-04-06T13:10:05+00:00
232,232,Phantom Tentacle,/app/1990260/,Adventure (25),"Adventure (25), RPG (3)",LSP GAME,LSP GAME,"Engine.Unity, SDK.UnityURP",3 July 2022 ‚Äì 02:31:07 UTC (10 months ago) (1656815467),89,1,3,19,2022-07-15T15:40:14+00:00
233,233,TitTok Kitty,/app/2010320/,Indie (23),"Casual (4), Indie (23)",Siberian Mouse,Siberian Mouse,Engine.GameMaker,11 January 2023 ‚Äì 13:45:12 UTC (3 months ago) (1673444712),100,0,1,6,2023-02-14T17:30:19+00:00
234,234,Ghostland Yard,/app/2051130/,Indie (23),"Indie (23), Early Access (70)",Obelisk Studio,Obelisk Studio,,6 April 2023 ‚Äì 14:25:08 UTC (9 days ago) (1680791108),100,2,2,16,2023-03-28T18:20:18+00:00
235,235,Interior Worlds,/app/2207970/,Adventure (25),"Adventure (25), Casual (4), Indie (23)",Raptorsoft Games,sodaraptor,,4 April 2023 ‚Äì 02:40:39 UTC (12 days ago) (1680576039),100,9,11,35,2023-04-08T22:00:13+00:00
236,236,I commissioned some bunnies,/app/2250340/,Casual (4),"Casual (4), Indie (23)",Follow The Fun,Follow The Fun,,30 January 2023 ‚Äì 19:05:35 UTC (3 months ago) (1675105535),100,1,3,11,2023-01-28T11:50:16+00:00
237,237,Life After Magic,/app/2332130/,Indie (23),"Casual (4), Indie (23)",Chirashi Games,Team Starlight,Engine.RenPy,1 March 2023 ‚Äì 05:06:50 UTC (2 months ago) (1677647210),100,1,9,16,2023-03-25T00:40:14+00:00
238,238,Flashback,/app/2252960/,Indie (23),"Casual (4), Indie (23), Strategy (2)",Renka,Renka,"Engine.Unity, SDK.SteamworksNET, SDK.cURL",18 February 2023 ‚Äì 06:37:00 UTC (2 months ago) (1676702220),92,7,14,119,2023-02-21T13:50:08+00:00
239,239,ÈäÄÊñß The Honest Elf,/app/1698870/,Action (1),"Action (1), Adventure (25), Indie (23), RPG (3)",Milk Bottle Studio,The Island Games,"Engine.Unity, SDK.SteamworksNET, SDK.UnityBurst, SDK.UnityURP",23 February 2023 ‚Äì 15:47:16 UTC (2 months ago) (1677167236),96,1,2,17,2023-03-06T12:00:16+00:00
240,240,Swords and Sandals Immortals,/app/1707650/,RPG (3),"RPG (3), Strategy (2)",eGames.com,Whiskeybarrel Studios,Engine.Godot,9 March 2023 ‚Äì 10:23:31 UTC (last month) (1678357411),88,36,44,326,2023-03-12T20:40:06+00:00
241,241,Ogu and the Secret Forest,/app/1985960/,Adventure (25),"Adventure (25), Early Access (70)",Sinkhole Studio,Moonlab Studio,"Engine.Unity, SDK.SteamworksNET, SDK.UnityURP, SDK.cURL",3 April 2023 ‚Äì 04:35:55 UTC (12 days ago) (1680496555),93,34,52,235,2023-03-24T14:00:43+00:00
242,242,Neptunia: Sisters VS Sisters,/app/1932160/,Action (1),"Action (1), RPG (3)",Idea Factory International,Idea Factory,"Engine.Unity, SDK.CRIWARE, SDK.UnityBurst",18 January 2023 ‚Äì 18:36:47 UTC (3 months ago) (1674067007),88,17,21,417,2023-01-24T19:50:04+00:00
243,243,The Missing Parts of Maria Gwozdek,/app/1822530/,Adventure (25),"Adventure (25), Free to Play (37), Indie (23)",Senokos Games,Senokos Games,Engine.RenPy,25 January 2023 ‚Äì 22:01:39 UTC (3 months ago) (1674684099),96,0,2,12,2023-02-18T21:00:19+00:00
244,244,LoFi Hotel,/app/1983420/,Casual (4),Casual (4),Enchant Games,Enchant Games,"Engine.Unity, SDK.SteamworksNET, SDK.UnityURP, SDK.cURL",9 February 2023 ‚Äì 13:56:16 UTC (2 months ago) (1675950976),100,0,0,6,2023-02-05T15:30:23+00:00
245,245,Physical Layer,/app/2298210/,Indie (23),"Action (1), Indie (23)",Phoenixx Inc.,RaStar Studio,"Engine.Unity, SDK.SteamworksNET, SDK.cURL",1 March 2023 ‚Äì 01:14:19 UTC (2 months ago) (1677633259),100,1,3,43,2023-03-16T14:50:13+00:00
246,246,Broken Universe - Tower Defense,/app/1487680/,Strategy (2),"Casual (4), Indie (23), Strategy (2)",Jinthree Studio,Jinthree Studio,Engine.Unity,31 January 2023 ‚Äì 15:30:43 UTC (2 months ago) (1675179043),90,14,21,387,2023-02-07T13:40:06+00:00
247,247,Dread Templar,/app/1334730/,Action (1),"Action (1), Indie (23)",Fulqrum Publishing,T19 Games,"Engine.Unity, SDK.UnityBurst, SDK.UnityURP",26 January 2023 ‚Äì 17:57:47 UTC (3 months ago) (1674755867),87,8,19,159,2023-01-29T17:30:06+00:00
248,248,YOLKED,/app/1464010/,Action (1),"Action (1), Adventure (25), Simulation (28)",Hitcents,HardBoiled Studios,"Engine.Unity, SDK.FMOD, SDK.SteamworksNET",19 October 2022 ‚Äì 19:30:00 UTC (6 months ago) (1666207800),97,0,2,8,2021-11-14T21:50:17+00:00
249,249,Veil of Dust: A Homesteading Game,/app/1593170/,RPG (3),"Adventure (25), Casual (4), RPG (3), Simulation (28)",Calamity Bay Games,Calamity Bay Games,,12 December 2022 ‚Äì 12:37:14 UTC (4 months ago) (1670848634),98,0,4,14,2022-08-07T18:30:15+00:00
250,250,DESTRUCTURE: Among Debris,/app/1825210/,Action (1),"Action (1), Casual (4), Indie (23)",RockGame S.A.,Team Instant Defeat,"Engine.Unity, SDK.UnityURP, SDK.Wwise",28 February 2023 ‚Äì 20:04:55 UTC (2 months ago) (1677614695),98,3,8,15,2023-02-27T17:00:15+00:00
251,251,Rich Lady's Slave Role Play,/app/1925010/,RPG (3),"RPG (3), Simulation (28)",Playmeow,Asami,Engine.Unity,24 March 2023 ‚Äì 02:57:59 UTC (23 days ago) (1679626679),94,5,9,68,2023-03-16T15:50:08+00:00
252,252,Absinthia,/app/1848070/,RPG (3),"Adventure (25), Indie (23), RPG (3)",Team Bewitched,Joshua Keith,"Engine.RPGMaker, SDK.Greenworks, SDK.NWJS, SDK.NodeJS, SDK.Vorbis",23 December 2022 ‚Äì 23:45:08 UTC (4 months ago) (1671839108),100,1,4,12,2023-03-13T18:40:16+00:00
253,253,XXX_CYBERRAT_XXX,/app/2132430/,Indie (23),"Indie (23), Simulation (28), Strategy (2)",Small Indie Studio,Small Indie Studio,"Engine.Unreal, SDK.CEF, SDK.Intel_OID, SDK.NVIDIA_GeForce_Now, SDK.NVIDIA_Nsight_Aftermath, SDK.NVIDIA_PhysX, SDK.Vorbis, SDK.XAudio2",22 March 2023 ‚Äì 19:47:16 UTC (24 days ago) (1679514436),93,4,8,37,2023-03-22T20:10:13+00:00
254,254,Netherguild,/app/1464220/,Strategy (2),"Indie (23), RPG (3), Strategy (2), Early Access (70)",David Vinokurov,David Vinokurov,"Engine.Unity, SDK.Discord",27 March 2023 ‚Äì 09:59:12 UTC (19 days ago) (1679911152),97,1,4,21,2023-03-29T01:00:15+00:00
255,255,Yggdra Union,/app/2107860/,RPG (3),"RPG (3), Simulation (28), Early Access (70)",Sting,Sting,SDK.Vorbis,24 January 2023 ‚Äì 07:44:16 UTC (3 months ago) (1674546256),93,10,11,118,2023-02-07T15:50:08+00:00
256,256,Song Of The Prairie,/app/1350840/,Simulation (28),"Casual (4), Indie (23), RPG (3), Simulation (28), Early Access (70)",AOE Plus,The Droplet Studio,"Engine.Unity, SDK.UnityBurst, SDK.Wwise",12 April 2023 ‚Äì 08:41:15 UTC (3 days ago) (1681288875),88,567,669,927,2023-04-10T14:00:05+00:00
257,257,Â§ß‰æ†Á´ãÂøó‰º†,/app/1948980/,Adventure (25),"Adventure (25), Indie (23), RPG (3), Simulation (28), Early Access (70)",Paleo,ÂçäÁì∂ÈÜãÂ∑•‰ΩúÂÆ§,Engine.Unity,10 April 2023 ‚Äì 07:38:26 UTC (5 days ago) (1681112306),85,"4,563","5,049","28,936",2023-03-12T13:50:05+00:00
258,258,HITLER: BDSM BUNKER,/app/2287650/,Simulation (28),"Adventure (25), Casual (4), Simulation (28)",Romantic Room,Romantic Room,"Engine.Unity, SDK.SteamworksNET, SDK.UnityBurst, SDK.UnityHDRP, SDK.cURL",13 February 2023 ‚Äì 10:03:26 UTC (2 months ago) (1676282606),93,1,2,403,2023-02-27T20:30:07+00:00
259,259,Finnish Army Simulator,/app/1184250/,Simulation (28),"Action (1), Adventure (25), Casual (4), Indie (23), RPG (3), Simulation (28), Sports (18), Early Access (70)",Please Be Patient,Please Be Patient,"Engine.Unity, SDK.Discord, SDK.UnityBurst",11 January 2023 ‚Äì 16:24:23 UTC (3 months ago) (1673454263),89,12,12,456,2023-01-13T19:00:06+00:00
260,260,DARK NIGHT WITH FLOPPA,/app/2229990/,Action (1),"Action (1), Adventure (25), Indie (23), Simulation (28)",Performance Artist,Performance Artist,"Engine.Unity, SDK.SteamworksNET",16 December 2022 ‚Äì 13:54:08 UTC (4 months ago) (1671198848),89,0,2,12,2023-01-10T01:20:20+00:00
